Quantal response model: 53

Number of model parameters: 18
Starting values.
  1    0.00000000000e+00 
  2    0.00000000000e+00 
  3    0.00000000000e+00 
  4    0.00000000000e+00 
  5    0.00000000000e+00 
  6    0.00000000000e+00 
  7    0.00000000000e+00 
  8    0.00000000000e+00 
  9    0.00000000000e+00 
 10    0.00000000000e+00 
 11    0.00000000000e+00 
 12    0.00000000000e+00 
 13    0.00000000000e+00 
 14    0.00000000000e+00 
 15    0.00000000000e+00 
 16    0.00000000000e+00 
 17    0.00000000000e+00 
 18    0.00000000000e+00 

Constraints (R,D).
  0.00000000000e+00   0.00000000000e+00   0.00000000000e+00   0.00000000000e+00   0.00000000000e+00   0.00000000000e+00   0.00000000000e+00   0.00000000000e+00   1.00000000000e+00   0.00000000000e+00   0.00000000000e+00   0.00000000000e+00   0.00000000000e+00   0.00000000000e+00   0.00000000000e+00   0.00000000000e+00   0.00000000000e+00   0.00000000000e+00   0.00000000000e+00 
  0.00000000000e+00   0.00000000000e+00   0.00000000000e+00   0.00000000000e+00   0.00000000000e+00   0.00000000000e+00   0.00000000000e+00   0.00000000000e+00   0.00000000000e+00   1.00000000000e+00   0.00000000000e+00   0.00000000000e+00   0.00000000000e+00   0.00000000000e+00   0.00000000000e+00   0.00000000000e+00   0.00000000000e+00   0.00000000000e+00   0.00000000000e+00 
  0.00000000000e+00   0.00000000000e+00   0.00000000000e+00   0.00000000000e+00   0.00000000000e+00   0.00000000000e+00   0.00000000000e+00   0.00000000000e+00   0.00000000000e+00   0.00000000000e+00   1.00000000000e+00   0.00000000000e+00   0.00000000000e+00   0.00000000000e+00   0.00000000000e+00   0.00000000000e+00   0.00000000000e+00   0.00000000000e+00   0.00000000000e+00 
  0.00000000000e+00   0.00000000000e+00   0.00000000000e+00   0.00000000000e+00   0.00000000000e+00   0.00000000000e+00   0.00000000000e+00   0.00000000000e+00   0.00000000000e+00   0.00000000000e+00   0.00000000000e+00   1.00000000000e+00   0.00000000000e+00   0.00000000000e+00   0.00000000000e+00   0.00000000000e+00   0.00000000000e+00   0.00000000000e+00   0.00000000000e+00 
  0.00000000000e+00   0.00000000000e+00   0.00000000000e+00   0.00000000000e+00   0.00000000000e+00   0.00000000000e+00   0.00000000000e+00   0.00000000000e+00   0.00000000000e+00   0.00000000000e+00   0.00000000000e+00   0.00000000000e+00   1.00000000000e+00   0.00000000000e+00   0.00000000000e+00   0.00000000000e+00   0.00000000000e+00   0.00000000000e+00   0.00000000000e+00 
  0.00000000000e+00   0.00000000000e+00   0.00000000000e+00   0.00000000000e+00   0.00000000000e+00   0.00000000000e+00   0.00000000000e+00   0.00000000000e+00   0.00000000000e+00   0.00000000000e+00   0.00000000000e+00   0.00000000000e+00   0.00000000000e+00   1.00000000000e+00   0.00000000000e+00   0.00000000000e+00   0.00000000000e+00   0.00000000000e+00   0.00000000000e+00 
  0.00000000000e+00   0.00000000000e+00   0.00000000000e+00   0.00000000000e+00   0.00000000000e+00   0.00000000000e+00   0.00000000000e+00   0.00000000000e+00   0.00000000000e+00   0.00000000000e+00   0.00000000000e+00   0.00000000000e+00   0.00000000000e+00   0.00000000000e+00   1.00000000000e+00   0.00000000000e+00   0.00000000000e+00   0.00000000000e+00   0.00000000000e+00 
  0.00000000000e+00   0.00000000000e+00   0.00000000000e+00   0.00000000000e+00   0.00000000000e+00   0.00000000000e+00   0.00000000000e+00   0.00000000000e+00   0.00000000000e+00   0.00000000000e+00   0.00000000000e+00   0.00000000000e+00   0.00000000000e+00   0.00000000000e+00   0.00000000000e+00   1.00000000000e+00   0.00000000000e+00   0.00000000000e+00   0.00000000000e+00 
  0.00000000000e+00   0.00000000000e+00   0.00000000000e+00   0.00000000000e+00   0.00000000000e+00   0.00000000000e+00   0.00000000000e+00   0.00000000000e+00   0.00000000000e+00   0.00000000000e+00   0.00000000000e+00   0.00000000000e+00   0.00000000000e+00   0.00000000000e+00   0.00000000000e+00   0.00000000000e+00   1.00000000000e+00   0.00000000000e+00   0.00000000000e+00 
  0.00000000000e+00   0.00000000000e+00   0.00000000000e+00   0.00000000000e+00   0.00000000000e+00   0.00000000000e+00   0.00000000000e+00   0.00000000000e+00   0.00000000000e+00   0.00000000000e+00   0.00000000000e+00   0.00000000000e+00   0.00000000000e+00   0.00000000000e+00   0.00000000000e+00   0.00000000000e+00   0.00000000000e+00   1.00000000000e+00   0.00000000000e+00 

Selected columns for projection matrix.
  9 10 11 12 13 14 15 16 17 18 

Parameter interchange for projection.
 17 18 11 12 13 14 15 16  1  2  3  4  5  6  7  8  9 10 

Projection matrix.
  0 0 0 0 0 0 0 0
  0 0 0 0 0 0 0 0
  0 0 0 0 0 0 0 0
  0 0 0 0 0 0 0 0
  0 0 0 0 0 0 0 0
  0 0 0 0 0 0 0 0
  0 0 0 0 0 0 0 0
  0 0 0 0 0 0 0 0
  0 0 0 0 0 0 0 0
  0 0 0 0 0 0 0 0
  1 0 0 0 0 0 0 0
  0 1 0 0 0 0 0 0
  0 0 1 0 0 0 0 0
  0 0 0 1 0 0 0 0
  0 0 0 0 1 0 0 0
  0 0 0 0 0 1 0 0
  0 0 0 0 0 0 1 0
  0 0 0 0 0 0 0 1
 
Function minimization with algorithm 8 [dopt=0].

Function evaluation 1 (0,0). Func 1 Grad 0 Sec 0
Function
 -9.35116736342e+02 
Parameter
  0.00000000000e+00   0.00000000000e+00   0.00000000000e+00   0.00000000000e+00   0.00000000000e+00   0.00000000000e+00   0.00000000000e+00   0.00000000000e+00   0.00000000000e+00   0.00000000000e+00   0.00000000000e+00   0.00000000000e+00   0.00000000000e+00   0.00000000000e+00   0.00000000000e+00   0.00000000000e+00   0.00000000000e+00   0.00000000000e+00 

Function evaluation 2 (0,0). Func 1 Grad 0 Sec 0
Function
 -9.35107155690e+02 
Parameter
  0.00000000000e+00   0.00000000000e+00   3.16227766017e-08   0.00000000000e+00   0.00000000000e+00   0.00000000000e+00   0.00000000000e+00   0.00000000000e+00   0.00000000000e+00   0.00000000000e+00   0.00000000000e+00   0.00000000000e+00   0.00000000000e+00   0.00000000000e+00   0.00000000000e+00   0.00000000000e+00   0.00000000000e+00   0.00000000000e+00 

Function evaluation 3 (0,0). Func 1 Grad 0 Sec 0
Function
 -9.35107113151e+02 
Parameter
  0.00000000000e+00   0.00000000000e+00   0.00000000000e+00   3.16227766017e-08   0.00000000000e+00   0.00000000000e+00   0.00000000000e+00   0.00000000000e+00   0.00000000000e+00   0.00000000000e+00   0.00000000000e+00   0.00000000000e+00   0.00000000000e+00   0.00000000000e+00   0.00000000000e+00   0.00000000000e+00   0.00000000000e+00   0.00000000000e+00 

Function evaluation 4 (0,0). Func 1 Grad 0 Sec 0
Function
 -9.35109511649e+02 
Parameter
  0.00000000000e+00   0.00000000000e+00   0.00000000000e+00   0.00000000000e+00   3.16227766017e-08   0.00000000000e+00   0.00000000000e+00   0.00000000000e+00   0.00000000000e+00   0.00000000000e+00   0.00000000000e+00   0.00000000000e+00   0.00000000000e+00   0.00000000000e+00   0.00000000000e+00   0.00000000000e+00   0.00000000000e+00   0.00000000000e+00 

Function evaluation 5 (0,0). Func 1 Grad 0 Sec 0
Function
 -9.35109508962e+02 
Parameter
  0.00000000000e+00   0.00000000000e+00   0.00000000000e+00   0.00000000000e+00   0.00000000000e+00   3.16227766017e-08   0.00000000000e+00   0.00000000000e+00   0.00000000000e+00   0.00000000000e+00   0.00000000000e+00   0.00000000000e+00   0.00000000000e+00   0.00000000000e+00   0.00000000000e+00   0.00000000000e+00   0.00000000000e+00   0.00000000000e+00 

Function evaluation 6 (0,0). Func 1 Grad 0 Sec 0
Function
 -9.35113730459e+02 
Parameter
  0.00000000000e+00   0.00000000000e+00   0.00000000000e+00   0.00000000000e+00   0.00000000000e+00   0.00000000000e+00   3.16227766017e-08   0.00000000000e+00   0.00000000000e+00   0.00000000000e+00   0.00000000000e+00   0.00000000000e+00   0.00000000000e+00   0.00000000000e+00   0.00000000000e+00   0.00000000000e+00   0.00000000000e+00   0.00000000000e+00 

Function evaluation 7 (0,0). Func 1 Grad 0 Sec 0
Function
 -9.35113777764e+02 
Parameter
  0.00000000000e+00   0.00000000000e+00   0.00000000000e+00   0.00000000000e+00   0.00000000000e+00   0.00000000000e+00   0.00000000000e+00   3.16227766017e-08   0.00000000000e+00   0.00000000000e+00   0.00000000000e+00   0.00000000000e+00   0.00000000000e+00   0.00000000000e+00   0.00000000000e+00   0.00000000000e+00   0.00000000000e+00   0.00000000000e+00 

Function evaluation 8 (0,0). Func 1 Grad 0 Sec 0
Function
 -9.35108580223e+02 
Parameter
  3.16227766017e-08   0.00000000000e+00   0.00000000000e+00   0.00000000000e+00   0.00000000000e+00   0.00000000000e+00   0.00000000000e+00   0.00000000000e+00   0.00000000000e+00   0.00000000000e+00   0.00000000000e+00   0.00000000000e+00   0.00000000000e+00   0.00000000000e+00   0.00000000000e+00   0.00000000000e+00   0.00000000000e+00   0.00000000000e+00 

Function evaluation 9 (0,0). Func 1 Grad 0 Sec 0
Function
 -9.35108553417e+02 
Parameter
  0.00000000000e+00   3.16227766017e-08   0.00000000000e+00   0.00000000000e+00   0.00000000000e+00   0.00000000000e+00   0.00000000000e+00   0.00000000000e+00   0.00000000000e+00   0.00000000000e+00   0.00000000000e+00   0.00000000000e+00   0.00000000000e+00   0.00000000000e+00   0.00000000000e+00   0.00000000000e+00   0.00000000000e+00   0.00000000000e+00 

ITER      Function Value     Norm of Gradient  Par Change   FCall
    0   9.3511673634197e+02  6.6339802972e+05  0.0000e+00       9 (0,0)

Parameter
  0.00000000000e+00   0.00000000000e+00   0.00000000000e+00   0.00000000000e+00   0.00000000000e+00   0.00000000000e+00   0.00000000000e+00   0.00000000000e+00 
Gradient
 -3.02966818130e+05  -3.04312003699e+05  -2.28464852370e+05  -2.28549837198e+05  -9.50543555705e+04  -9.35584360049e+04  -2.57919117903e+05  -2.58766801707e+05 

Function evaluation 10 (0,0). Func 1 Grad 0 Sec 0
Function
 -9.35105950462e+02 
Parameter
  0.00000000000e+00   0.00000000000e+00   1.00000000000e-05   0.00000000000e+00   0.00000000000e+00   0.00000000000e+00   0.00000000000e+00   0.00000000000e+00   0.00000000000e+00   0.00000000000e+00   0.00000000000e+00   0.00000000000e+00   0.00000000000e+00   0.00000000000e+00   0.00000000000e+00   0.00000000000e+00   0.00000000000e+00   0.00000000000e+00 

Function evaluation 11 (0,0). Func 1 Grad 0 Sec 0
Function
 -9.35092501621e+02 
Parameter
  0.00000000000e+00   0.00000000000e+00   0.00000000000e+00   1.00000000000e-05   0.00000000000e+00   0.00000000000e+00   0.00000000000e+00   0.00000000000e+00   0.00000000000e+00   0.00000000000e+00   0.00000000000e+00   0.00000000000e+00   0.00000000000e+00   0.00000000000e+00   0.00000000000e+00   0.00000000000e+00   0.00000000000e+00   0.00000000000e+00 

Function evaluation 12 (0,0). Func 1 Grad 0 Sec 0
Function
 -9.35109187616e+02 
Parameter
  0.00000000000e+00   0.00000000000e+00   0.00000000000e+00   0.00000000000e+00   1.00000000000e-05   0.00000000000e+00   0.00000000000e+00   0.00000000000e+00   0.00000000000e+00   0.00000000000e+00   0.00000000000e+00   0.00000000000e+00   0.00000000000e+00   0.00000000000e+00   0.00000000000e+00   0.00000000000e+00   0.00000000000e+00   0.00000000000e+00 

Function evaluation 13 (0,0). Func 1 Grad 0 Sec 0
Function
 -9.35108340530e+02 
Parameter
  0.00000000000e+00   0.00000000000e+00   0.00000000000e+00   0.00000000000e+00   0.00000000000e+00   1.00000000000e-05   0.00000000000e+00   0.00000000000e+00   0.00000000000e+00   0.00000000000e+00   0.00000000000e+00   0.00000000000e+00   0.00000000000e+00   0.00000000000e+00   0.00000000000e+00   0.00000000000e+00   0.00000000000e+00   0.00000000000e+00 

Function evaluation 14 (0,0). Func 1 Grad 0 Sec 0
Function
 -9.35114984378e+02 
Parameter
  0.00000000000e+00   0.00000000000e+00   0.00000000000e+00   0.00000000000e+00   0.00000000000e+00   0.00000000000e+00   1.00000000000e-05   0.00000000000e+00   0.00000000000e+00   0.00000000000e+00   0.00000000000e+00   0.00000000000e+00   0.00000000000e+00   0.00000000000e+00   0.00000000000e+00   0.00000000000e+00   0.00000000000e+00   0.00000000000e+00 

Function evaluation 15 (0,0). Func 1 Grad 0 Sec 0
Function
 -9.35129946081e+02 
Parameter
  0.00000000000e+00   0.00000000000e+00   0.00000000000e+00   0.00000000000e+00   0.00000000000e+00   0.00000000000e+00   0.00000000000e+00   1.00000000000e-05   0.00000000000e+00   0.00000000000e+00   0.00000000000e+00   0.00000000000e+00   0.00000000000e+00   0.00000000000e+00   0.00000000000e+00   0.00000000000e+00   0.00000000000e+00   0.00000000000e+00 

Function evaluation 16 (0,0). Func 1 Grad 0 Sec 0
Function
 -9.35107907811e+02 
Parameter
  1.00000000000e-05   0.00000000000e+00   0.00000000000e+00   0.00000000000e+00   0.00000000000e+00   0.00000000000e+00   0.00000000000e+00   0.00000000000e+00   0.00000000000e+00   0.00000000000e+00   0.00000000000e+00   0.00000000000e+00   0.00000000000e+00   0.00000000000e+00   0.00000000000e+00   0.00000000000e+00   0.00000000000e+00   0.00000000000e+00 

Function evaluation 17 (0,0). Func 1 Grad 0 Sec 0
Function
 -9.35099433912e+02 
Parameter
  0.00000000000e+00   1.00000000000e-05   0.00000000000e+00   0.00000000000e+00   0.00000000000e+00   0.00000000000e+00   0.00000000000e+00   0.00000000000e+00   0.00000000000e+00   0.00000000000e+00   0.00000000000e+00   0.00000000000e+00   0.00000000000e+00   0.00000000000e+00   0.00000000000e+00   0.00000000000e+00   0.00000000000e+00   0.00000000000e+00 

Function evaluation 18 (0,0). Func 1 Grad 0 Sec 0
Function
 -9.35104741454e+02 
Parameter
  0.00000000000e+00   0.00000000000e+00   2.00000000000e-05   0.00000000000e+00   0.00000000000e+00   0.00000000000e+00   0.00000000000e+00   0.00000000000e+00   0.00000000000e+00   0.00000000000e+00   0.00000000000e+00   0.00000000000e+00   0.00000000000e+00   0.00000000000e+00   0.00000000000e+00   0.00000000000e+00   0.00000000000e+00   0.00000000000e+00 

Function evaluation 19 (0,0). Func 1 Grad 0 Sec 0
Function
 -9.35091293071e+02 
Parameter
  0.00000000000e+00   0.00000000000e+00   1.00000000000e-05   1.00000000000e-05   0.00000000000e+00   0.00000000000e+00   0.00000000000e+00   0.00000000000e+00   0.00000000000e+00   0.00000000000e+00   0.00000000000e+00   0.00000000000e+00   0.00000000000e+00   0.00000000000e+00   0.00000000000e+00   0.00000000000e+00   0.00000000000e+00   0.00000000000e+00 

Function evaluation 20 (0,0). Func 1 Grad 0 Sec 0
Function
 -9.35097600738e+02 
Parameter
  0.00000000000e+00   0.00000000000e+00   1.00000000000e-05   0.00000000000e+00   1.00000000000e-05   0.00000000000e+00   0.00000000000e+00   0.00000000000e+00   0.00000000000e+00   0.00000000000e+00   0.00000000000e+00   0.00000000000e+00   0.00000000000e+00   0.00000000000e+00   0.00000000000e+00   0.00000000000e+00   0.00000000000e+00   0.00000000000e+00 

Function evaluation 21 (0,0). Func 1 Grad 0 Sec 0
Function
 -9.35097099101e+02 
Parameter
  0.00000000000e+00   0.00000000000e+00   1.00000000000e-05   0.00000000000e+00   0.00000000000e+00   1.00000000000e-05   0.00000000000e+00   0.00000000000e+00   0.00000000000e+00   0.00000000000e+00   0.00000000000e+00   0.00000000000e+00   0.00000000000e+00   0.00000000000e+00   0.00000000000e+00   0.00000000000e+00   0.00000000000e+00   0.00000000000e+00 

Function evaluation 22 (0,0). Func 1 Grad 0 Sec 0
Function
 -9.35103598401e+02 
Parameter
  0.00000000000e+00   0.00000000000e+00   1.00000000000e-05   0.00000000000e+00   0.00000000000e+00   0.00000000000e+00   1.00000000000e-05   0.00000000000e+00   0.00000000000e+00   0.00000000000e+00   0.00000000000e+00   0.00000000000e+00   0.00000000000e+00   0.00000000000e+00   0.00000000000e+00   0.00000000000e+00   0.00000000000e+00   0.00000000000e+00 

Function evaluation 23 (0,0). Func 1 Grad 0 Sec 0
Function
 -9.35118704624e+02 
Parameter
  0.00000000000e+00   0.00000000000e+00   1.00000000000e-05   0.00000000000e+00   0.00000000000e+00   0.00000000000e+00   0.00000000000e+00   1.00000000000e-05   0.00000000000e+00   0.00000000000e+00   0.00000000000e+00   0.00000000000e+00   0.00000000000e+00   0.00000000000e+00   0.00000000000e+00   0.00000000000e+00   0.00000000000e+00   0.00000000000e+00 

Function evaluation 24 (0,0). Func 1 Grad 0 Sec 0
Function
 -9.35096276578e+02 
Parameter
  1.00000000000e-05   0.00000000000e+00   1.00000000000e-05   0.00000000000e+00   0.00000000000e+00   0.00000000000e+00   0.00000000000e+00   0.00000000000e+00   0.00000000000e+00   0.00000000000e+00   0.00000000000e+00   0.00000000000e+00   0.00000000000e+00   0.00000000000e+00   0.00000000000e+00   0.00000000000e+00   0.00000000000e+00   0.00000000000e+00 

Function evaluation 25 (0,0). Func 1 Grad 0 Sec 0
Function
 -9.35088192486e+02 
Parameter
  0.00000000000e+00   1.00000000000e-05   1.00000000000e-05   0.00000000000e+00   0.00000000000e+00   0.00000000000e+00   0.00000000000e+00   0.00000000000e+00   0.00000000000e+00   0.00000000000e+00   0.00000000000e+00   0.00000000000e+00   0.00000000000e+00   0.00000000000e+00   0.00000000000e+00   0.00000000000e+00   0.00000000000e+00   0.00000000000e+00 

Function evaluation 26 (0,0). Func 1 Grad 0 Sec 0
Function
 -9.35077849820e+02 
Parameter
  0.00000000000e+00   0.00000000000e+00   0.00000000000e+00   2.00000000000e-05   0.00000000000e+00   0.00000000000e+00   0.00000000000e+00   0.00000000000e+00   0.00000000000e+00   0.00000000000e+00   0.00000000000e+00   0.00000000000e+00   0.00000000000e+00   0.00000000000e+00   0.00000000000e+00   0.00000000000e+00   0.00000000000e+00   0.00000000000e+00 

Function evaluation 27 (0,0). Func 1 Grad 0 Sec 0
Function
 -9.35084609209e+02 
Parameter
  0.00000000000e+00   0.00000000000e+00   0.00000000000e+00   1.00000000000e-05   1.00000000000e-05   0.00000000000e+00   0.00000000000e+00   0.00000000000e+00   0.00000000000e+00   0.00000000000e+00   0.00000000000e+00   0.00000000000e+00   0.00000000000e+00   0.00000000000e+00   0.00000000000e+00   0.00000000000e+00   0.00000000000e+00   0.00000000000e+00 

Function evaluation 28 (0,0). Func 1 Grad 0 Sec 0
Function
 -9.35083305100e+02 
Parameter
  0.00000000000e+00   0.00000000000e+00   0.00000000000e+00   1.00000000000e-05   0.00000000000e+00   1.00000000000e-05   0.00000000000e+00   0.00000000000e+00   0.00000000000e+00   0.00000000000e+00   0.00000000000e+00   0.00000000000e+00   0.00000000000e+00   0.00000000000e+00   0.00000000000e+00   0.00000000000e+00   0.00000000000e+00   0.00000000000e+00 

Function evaluation 29 (0,0). Func 1 Grad 0 Sec 0
Function
 -9.35090606445e+02 
Parameter
  0.00000000000e+00   0.00000000000e+00   0.00000000000e+00   1.00000000000e-05   0.00000000000e+00   0.00000000000e+00   1.00000000000e-05   0.00000000000e+00   0.00000000000e+00   0.00000000000e+00   0.00000000000e+00   0.00000000000e+00   0.00000000000e+00   0.00000000000e+00   0.00000000000e+00   0.00000000000e+00   0.00000000000e+00   0.00000000000e+00 

Function evaluation 30 (0,0). Func 1 Grad 0 Sec 0
Function
 -9.35105111283e+02 
Parameter
  0.00000000000e+00   0.00000000000e+00   0.00000000000e+00   1.00000000000e-05   0.00000000000e+00   0.00000000000e+00   0.00000000000e+00   1.00000000000e-05   0.00000000000e+00   0.00000000000e+00   0.00000000000e+00   0.00000000000e+00   0.00000000000e+00   0.00000000000e+00   0.00000000000e+00   0.00000000000e+00   0.00000000000e+00   0.00000000000e+00 

Function evaluation 31 (0,0). Func 1 Grad 0 Sec 0
Function
 -9.35083285256e+02 
Parameter
  1.00000000000e-05   0.00000000000e+00   0.00000000000e+00   1.00000000000e-05   0.00000000000e+00   0.00000000000e+00   0.00000000000e+00   0.00000000000e+00   0.00000000000e+00   0.00000000000e+00   0.00000000000e+00   0.00000000000e+00   0.00000000000e+00   0.00000000000e+00   0.00000000000e+00   0.00000000000e+00   0.00000000000e+00   0.00000000000e+00 

Function evaluation 32 (0,0). Func 1 Grad 0 Sec 0
Function
 -9.35074354221e+02 
Parameter
  0.00000000000e+00   1.00000000000e-05   0.00000000000e+00   1.00000000000e-05   0.00000000000e+00   0.00000000000e+00   0.00000000000e+00   0.00000000000e+00   0.00000000000e+00   0.00000000000e+00   0.00000000000e+00   0.00000000000e+00   0.00000000000e+00   0.00000000000e+00   0.00000000000e+00   0.00000000000e+00   0.00000000000e+00   0.00000000000e+00 

Function evaluation 33 (0,0). Func 1 Grad 0 Sec 0
Function
 -9.35108862594e+02 
Parameter
  0.00000000000e+00   0.00000000000e+00   0.00000000000e+00   0.00000000000e+00   2.00000000000e-05   0.00000000000e+00   0.00000000000e+00   0.00000000000e+00   0.00000000000e+00   0.00000000000e+00   0.00000000000e+00   0.00000000000e+00   0.00000000000e+00   0.00000000000e+00   0.00000000000e+00   0.00000000000e+00   0.00000000000e+00   0.00000000000e+00 

Function evaluation 34 (0,0). Func 1 Grad 0 Sec 0
Function
 -9.35108015935e+02 
Parameter
  0.00000000000e+00   0.00000000000e+00   0.00000000000e+00   0.00000000000e+00   1.00000000000e-05   1.00000000000e-05   0.00000000000e+00   0.00000000000e+00   0.00000000000e+00   0.00000000000e+00   0.00000000000e+00   0.00000000000e+00   0.00000000000e+00   0.00000000000e+00   0.00000000000e+00   0.00000000000e+00   0.00000000000e+00   0.00000000000e+00 

Function evaluation 35 (0,0). Func 1 Grad 0 Sec 0
Function
 -9.35106947745e+02 
Parameter
  0.00000000000e+00   0.00000000000e+00   0.00000000000e+00   0.00000000000e+00   1.00000000000e-05   0.00000000000e+00   1.00000000000e-05   0.00000000000e+00   0.00000000000e+00   0.00000000000e+00   0.00000000000e+00   0.00000000000e+00   0.00000000000e+00   0.00000000000e+00   0.00000000000e+00   0.00000000000e+00   0.00000000000e+00   0.00000000000e+00 

Function evaluation 36 (0,0). Func 1 Grad 0 Sec 0
Function
 -9.35122053628e+02 
Parameter
  0.00000000000e+00   0.00000000000e+00   0.00000000000e+00   0.00000000000e+00   1.00000000000e-05   0.00000000000e+00   0.00000000000e+00   1.00000000000e-05   0.00000000000e+00   0.00000000000e+00   0.00000000000e+00   0.00000000000e+00   0.00000000000e+00   0.00000000000e+00   0.00000000000e+00   0.00000000000e+00   0.00000000000e+00   0.00000000000e+00 

Function evaluation 37 (0,0). Func 1 Grad 0 Sec 0
Function
 -9.35099625923e+02 
Parameter
  1.00000000000e-05   0.00000000000e+00   0.00000000000e+00   0.00000000000e+00   1.00000000000e-05   0.00000000000e+00   0.00000000000e+00   0.00000000000e+00   0.00000000000e+00   0.00000000000e+00   0.00000000000e+00   0.00000000000e+00   0.00000000000e+00   0.00000000000e+00   0.00000000000e+00   0.00000000000e+00   0.00000000000e+00   0.00000000000e+00 

Function evaluation 38 (0,0). Func 1 Grad 0 Sec 0
Function
 -9.35091541490e+02 
Parameter
  0.00000000000e+00   1.00000000000e-05   0.00000000000e+00   0.00000000000e+00   1.00000000000e-05   0.00000000000e+00   0.00000000000e+00   0.00000000000e+00   0.00000000000e+00   0.00000000000e+00   0.00000000000e+00   0.00000000000e+00   0.00000000000e+00   0.00000000000e+00   0.00000000000e+00   0.00000000000e+00   0.00000000000e+00   0.00000000000e+00 

Function evaluation 39 (0,0). Func 1 Grad 0 Sec 0
Function
 -9.35107173966e+02 
Parameter
  0.00000000000e+00   0.00000000000e+00   0.00000000000e+00   0.00000000000e+00   0.00000000000e+00   2.00000000000e-05   0.00000000000e+00   0.00000000000e+00   0.00000000000e+00   0.00000000000e+00   0.00000000000e+00   0.00000000000e+00   0.00000000000e+00   0.00000000000e+00   0.00000000000e+00   0.00000000000e+00   0.00000000000e+00   0.00000000000e+00 

Function evaluation 40 (0,0). Func 1 Grad 0 Sec 0
Function
 -9.35106445341e+02 
Parameter
  0.00000000000e+00   0.00000000000e+00   0.00000000000e+00   0.00000000000e+00   0.00000000000e+00   1.00000000000e-05   1.00000000000e-05   0.00000000000e+00   0.00000000000e+00   0.00000000000e+00   0.00000000000e+00   0.00000000000e+00   0.00000000000e+00   0.00000000000e+00   0.00000000000e+00   0.00000000000e+00   0.00000000000e+00   0.00000000000e+00 

Function evaluation 41 (0,0). Func 1 Grad 0 Sec 0
Function
 -9.35121062202e+02 
Parameter
  0.00000000000e+00   0.00000000000e+00   0.00000000000e+00   0.00000000000e+00   0.00000000000e+00   1.00000000000e-05   0.00000000000e+00   1.00000000000e-05   0.00000000000e+00   0.00000000000e+00   0.00000000000e+00   0.00000000000e+00   0.00000000000e+00   0.00000000000e+00   0.00000000000e+00   0.00000000000e+00   0.00000000000e+00   0.00000000000e+00 

Function evaluation 42 (0,0). Func 1 Grad 0 Sec 0
Function
 -9.35099124152e+02 
Parameter
  1.00000000000e-05   0.00000000000e+00   0.00000000000e+00   0.00000000000e+00   0.00000000000e+00   1.00000000000e-05   0.00000000000e+00   0.00000000000e+00   0.00000000000e+00   0.00000000000e+00   0.00000000000e+00   0.00000000000e+00   0.00000000000e+00   0.00000000000e+00   0.00000000000e+00   0.00000000000e+00   0.00000000000e+00   0.00000000000e+00 

Function evaluation 43 (0,0). Func 1 Grad 0 Sec 0
Function
 -9.35090305139e+02 
Parameter
  0.00000000000e+00   1.00000000000e-05   0.00000000000e+00   0.00000000000e+00   0.00000000000e+00   1.00000000000e-05   0.00000000000e+00   0.00000000000e+00   0.00000000000e+00   0.00000000000e+00   0.00000000000e+00   0.00000000000e+00   0.00000000000e+00   0.00000000000e+00   0.00000000000e+00   0.00000000000e+00   0.00000000000e+00   0.00000000000e+00 

Function evaluation 44 (0,0). Func 1 Grad 0 Sec 0
Function
 -9.35116242311e+02 
Parameter
  0.00000000000e+00   0.00000000000e+00   0.00000000000e+00   0.00000000000e+00   0.00000000000e+00   0.00000000000e+00   2.00000000000e-05   0.00000000000e+00   0.00000000000e+00   0.00000000000e+00   0.00000000000e+00   0.00000000000e+00   0.00000000000e+00   0.00000000000e+00   0.00000000000e+00   0.00000000000e+00   0.00000000000e+00   0.00000000000e+00 

Function evaluation 45 (0,0). Func 1 Grad 0 Sec 0
Function
 -9.35131204399e+02 
Parameter
  0.00000000000e+00   0.00000000000e+00   0.00000000000e+00   0.00000000000e+00   0.00000000000e+00   0.00000000000e+00   1.00000000000e-05   1.00000000000e-05   0.00000000000e+00   0.00000000000e+00   0.00000000000e+00   0.00000000000e+00   0.00000000000e+00   0.00000000000e+00   0.00000000000e+00   0.00000000000e+00   0.00000000000e+00   0.00000000000e+00 

Function evaluation 46 (0,0). Func 1 Grad 0 Sec 0
Function
 -9.35105623586e+02 
Parameter
  1.00000000000e-05   0.00000000000e+00   0.00000000000e+00   0.00000000000e+00   0.00000000000e+00   0.00000000000e+00   1.00000000000e-05   0.00000000000e+00   0.00000000000e+00   0.00000000000e+00   0.00000000000e+00   0.00000000000e+00   0.00000000000e+00   0.00000000000e+00   0.00000000000e+00   0.00000000000e+00   0.00000000000e+00   0.00000000000e+00 

Function evaluation 47 (0,0). Func 1 Grad 0 Sec 0
Function
 -9.35097538726e+02 
Parameter
  0.00000000000e+00   1.00000000000e-05   0.00000000000e+00   0.00000000000e+00   0.00000000000e+00   0.00000000000e+00   1.00000000000e-05   0.00000000000e+00   0.00000000000e+00   0.00000000000e+00   0.00000000000e+00   0.00000000000e+00   0.00000000000e+00   0.00000000000e+00   0.00000000000e+00   0.00000000000e+00   0.00000000000e+00   0.00000000000e+00 

Function evaluation 48 (0,0). Func 1 Grad 0 Sec 0
Function
 -9.35146170749e+02 
Parameter
  0.00000000000e+00   0.00000000000e+00   0.00000000000e+00   0.00000000000e+00   0.00000000000e+00   0.00000000000e+00   0.00000000000e+00   2.00000000000e-05   0.00000000000e+00   0.00000000000e+00   0.00000000000e+00   0.00000000000e+00   0.00000000000e+00   0.00000000000e+00   0.00000000000e+00   0.00000000000e+00   0.00000000000e+00   0.00000000000e+00 

Function evaluation 49 (0,0). Func 1 Grad 0 Sec 0
Function
 -9.35120729674e+02 
Parameter
  1.00000000000e-05   0.00000000000e+00   0.00000000000e+00   0.00000000000e+00   0.00000000000e+00   0.00000000000e+00   0.00000000000e+00   1.00000000000e-05   0.00000000000e+00   0.00000000000e+00   0.00000000000e+00   0.00000000000e+00   0.00000000000e+00   0.00000000000e+00   0.00000000000e+00   0.00000000000e+00   0.00000000000e+00   0.00000000000e+00 

Function evaluation 50 (0,0). Func 1 Grad 0 Sec 0
Function
 -9.35112111323e+02 
Parameter
  0.00000000000e+00   1.00000000000e-05   0.00000000000e+00   0.00000000000e+00   0.00000000000e+00   0.00000000000e+00   0.00000000000e+00   1.00000000000e-05   0.00000000000e+00   0.00000000000e+00   0.00000000000e+00   0.00000000000e+00   0.00000000000e+00   0.00000000000e+00   0.00000000000e+00   0.00000000000e+00   0.00000000000e+00   0.00000000000e+00 

Function evaluation 51 (0,0). Func 1 Grad 0 Sec 0
Function
 -9.35107233306e+02 
Parameter
  2.00000000000e-05   0.00000000000e+00   0.00000000000e+00   0.00000000000e+00   0.00000000000e+00   0.00000000000e+00   0.00000000000e+00   0.00000000000e+00   0.00000000000e+00   0.00000000000e+00   0.00000000000e+00   0.00000000000e+00   0.00000000000e+00   0.00000000000e+00   0.00000000000e+00   0.00000000000e+00   0.00000000000e+00   0.00000000000e+00 

Function evaluation 52 (0,0). Func 1 Grad 0 Sec 0
Function
 -9.35098759853e+02 
Parameter
  1.00000000000e-05   1.00000000000e-05   0.00000000000e+00   0.00000000000e+00   0.00000000000e+00   0.00000000000e+00   0.00000000000e+00   0.00000000000e+00   0.00000000000e+00   0.00000000000e+00   0.00000000000e+00   0.00000000000e+00   0.00000000000e+00   0.00000000000e+00   0.00000000000e+00   0.00000000000e+00   0.00000000000e+00   0.00000000000e+00 

Function evaluation 53 (0,0). Func 1 Grad 0 Sec 0
Function
 -9.35090291406e+02 
Parameter
  0.00000000000e+00   2.00000000000e-05   0.00000000000e+00   0.00000000000e+00   0.00000000000e+00   0.00000000000e+00   0.00000000000e+00   0.00000000000e+00   0.00000000000e+00   0.00000000000e+00   0.00000000000e+00   0.00000000000e+00   0.00000000000e+00   0.00000000000e+00   0.00000000000e+00   0.00000000000e+00   0.00000000000e+00   0.00000000000e+00 
Hessian
  9.57687104278e+07   0.00000000000e+00   0.00000000000e+00   0.00000000000e+00   0.00000000000e+00   0.00000000000e+00   0.00000000000e+00   0.00000000000e+00 
  9.57732986785e+07   9.58291923166e+07   0.00000000000e+00   0.00000000000e+00   0.00000000000e+00   0.00000000000e+00   0.00000000000e+00   0.00000000000e+00 
 -8.00998252771e+06  -3.43685515304e+06   7.22370514620e+07   0.00000000000e+00   0.00000000000e+00   0.00000000000e+00   0.00000000000e+00   0.00000000000e+00 
 -4.55549015669e+06  -8.00709516056e+06   7.22413116091e+07   7.22924795116e+07   0.00000000000e+00   0.00000000000e+00   0.00000000000e+00   0.00000000000e+00 
 -6.00097834422e+06  -1.43212378134e+06  -4.87906691319e+06  -1.43225298643e+06   3.00989644575e+07   0.00000000000e+00   0.00000000000e+00   0.00000000000e+00 
 -4.55578020023e+06  -6.00077494710e+06  -3.43727440168e+06  -4.88067578999e+06   3.01028130002e+07   3.01492817846e+07   0.00000000000e+00   0.00000000000e+00 
 -8.45352890678e+06  -3.87834057278e+06  -7.33161747235e+06  -3.87846977674e+06  -5.32261329226e+06  -3.87875982256e+06   8.15402654666e+07   0.00000000000e+00 
 -4.55546203966e+06  -8.44970695880e+06  -3.43695623883e+06  -7.32960780169e+06  -1.43222486940e+06  -5.32328758823e+06   8.15447241928e+07   8.15992380524e+07 

Function evaluation 54 (0,0). Func 1 Grad 0 Sec 0
Function
 -9.34204333515e+02 
Parameter
  1.80519781369e-03   1.62414898181e-03   1.88984952755e-03   1.53919180591e-03   1.75555470353e-03   1.67159694114e-03   1.46387525505e-03   1.96206017929e-03   0.00000000000e+00   0.00000000000e+00   0.00000000000e+00   0.00000000000e+00   0.00000000000e+00   0.00000000000e+00   0.00000000000e+00   0.00000000000e+00   0.00000000000e+00   0.00000000000e+00 

Function evaluation 55 (0,0). Func 1 Grad 0 Sec 0
Function
 -9.34204329735e+02 
Parameter
  1.80519781369e-03   1.62414898181e-03   1.88988115032e-03   1.53919180591e-03   1.75555470353e-03   1.67159694114e-03   1.46387525505e-03   1.96206017929e-03   0.00000000000e+00   0.00000000000e+00   0.00000000000e+00   0.00000000000e+00   0.00000000000e+00   0.00000000000e+00   0.00000000000e+00   0.00000000000e+00   0.00000000000e+00   0.00000000000e+00 

Function evaluation 56 (0,0). Func 1 Grad 0 Sec 0
Function
 -9.34204287689e+02 
Parameter
  1.80519781369e-03   1.62414898181e-03   1.88984952755e-03   1.53922342869e-03   1.75555470353e-03   1.67159694114e-03   1.46387525505e-03   1.96206017929e-03   0.00000000000e+00   0.00000000000e+00   0.00000000000e+00   0.00000000000e+00   0.00000000000e+00   0.00000000000e+00   0.00000000000e+00   0.00000000000e+00   0.00000000000e+00   0.00000000000e+00 

Function evaluation 57 (0,0). Func 1 Grad 0 Sec 0
Function
 -9.34204332548e+02 
Parameter
  1.80519781369e-03   1.62414898181e-03   1.88984952755e-03   1.53919180591e-03   1.75558632630e-03   1.67159694114e-03   1.46387525505e-03   1.96206017929e-03   0.00000000000e+00   0.00000000000e+00   0.00000000000e+00   0.00000000000e+00   0.00000000000e+00   0.00000000000e+00   0.00000000000e+00   0.00000000000e+00   0.00000000000e+00   0.00000000000e+00 

Function evaluation 58 (0,0). Func 1 Grad 0 Sec 0
Function
 -9.34204330541e+02 
Parameter
  1.80519781369e-03   1.62414898181e-03   1.88984952755e-03   1.53919180591e-03   1.75555470353e-03   1.67162856392e-03   1.46387525505e-03   1.96206017929e-03   0.00000000000e+00   0.00000000000e+00   0.00000000000e+00   0.00000000000e+00   0.00000000000e+00   0.00000000000e+00   0.00000000000e+00   0.00000000000e+00   0.00000000000e+00   0.00000000000e+00 

Function evaluation 59 (0,0). Func 1 Grad 0 Sec 0
Function
 -9.34204337589e+02 
Parameter
  1.80519781369e-03   1.62414898181e-03   1.88984952755e-03   1.53919180591e-03   1.75555470353e-03   1.67159694114e-03   1.46390687782e-03   1.96206017929e-03   0.00000000000e+00   0.00000000000e+00   0.00000000000e+00   0.00000000000e+00   0.00000000000e+00   0.00000000000e+00   0.00000000000e+00   0.00000000000e+00   0.00000000000e+00   0.00000000000e+00 

Function evaluation 60 (0,0). Func 1 Grad 0 Sec 0
Function
 -9.34204385965e+02 
Parameter
  1.80519781369e-03   1.62414898181e-03   1.88984952755e-03   1.53919180591e-03   1.75555470353e-03   1.67159694114e-03   1.46387525505e-03   1.96209180207e-03   0.00000000000e+00   0.00000000000e+00   0.00000000000e+00   0.00000000000e+00   0.00000000000e+00   0.00000000000e+00   0.00000000000e+00   0.00000000000e+00   0.00000000000e+00   0.00000000000e+00 

Function evaluation 61 (0,0). Func 1 Grad 0 Sec 0
Function
 -9.34204331438e+02 
Parameter
  1.80522943647e-03   1.62414898181e-03   1.88984952755e-03   1.53919180591e-03   1.75555470353e-03   1.67159694114e-03   1.46387525505e-03   1.96206017929e-03   0.00000000000e+00   0.00000000000e+00   0.00000000000e+00   0.00000000000e+00   0.00000000000e+00   0.00000000000e+00   0.00000000000e+00   0.00000000000e+00   0.00000000000e+00   0.00000000000e+00 

Function evaluation 62 (0,0). Func 1 Grad 0 Sec 0
Function
 -9.34204305275e+02 
Parameter
  1.80519781369e-03   1.62418060459e-03   1.88984952755e-03   1.53919180591e-03   1.75555470353e-03   1.67159694114e-03   1.46387525505e-03   1.96206017929e-03   0.00000000000e+00   0.00000000000e+00   0.00000000000e+00   0.00000000000e+00   0.00000000000e+00   0.00000000000e+00   0.00000000000e+00   0.00000000000e+00   0.00000000000e+00   0.00000000000e+00 

Scaled gradient
  1.77542009360e+00 
Scaled parameter change
  1.96206017929e-03 

ITER      Function Value     Norm of Gradient  Par Change   FCall
    1   9.3420433351525e+02  1.7754200936e+00  1.9621e-03      62 (0,0)

Parameter
  1.88984952755e-03   1.53919180591e-03   1.75555470353e-03   1.67159694114e-03   1.46387525505e-03   1.96206017929e-03   1.80519781369e-03   1.62414898181e-03 
Gradient
 -1.19547600077e+02  -1.44916261040e+03  -3.05773053648e+01  -9.40422094415e+01   1.28820604424e+02   1.65860514525e+03  -6.56821348344e+01  -8.93035800100e+02 

Function evaluation 63 (0,0). Func 1 Grad 0 Sec 0
Function
 -9.34203138060e+02 
Parameter
  1.80519781369e-03   1.62414898181e-03   1.89984952755e-03   1.53919180591e-03   1.75555470353e-03   1.67159694114e-03   1.46387525505e-03   1.96206017929e-03   0.00000000000e+00   0.00000000000e+00   0.00000000000e+00   0.00000000000e+00   0.00000000000e+00   0.00000000000e+00   0.00000000000e+00   0.00000000000e+00   0.00000000000e+00   0.00000000000e+00 

Function evaluation 64 (0,0). Func 1 Grad 0 Sec 0
Function
 -9.34189844928e+02 
Parameter
  1.80519781369e-03   1.62414898181e-03   1.88984952755e-03   1.54919180591e-03   1.75555470353e-03   1.67159694114e-03   1.46387525505e-03   1.96206017929e-03   0.00000000000e+00   0.00000000000e+00   0.00000000000e+00   0.00000000000e+00   0.00000000000e+00   0.00000000000e+00   0.00000000000e+00   0.00000000000e+00   0.00000000000e+00   0.00000000000e+00 

Function evaluation 65 (0,0). Func 1 Grad 0 Sec 0
Function
 -9.34204027762e+02 
Parameter
  1.80519781369e-03   1.62414898181e-03   1.88984952755e-03   1.53919180591e-03   1.76555470353e-03   1.67159694114e-03   1.46387525505e-03   1.96206017929e-03   0.00000000000e+00   0.00000000000e+00   0.00000000000e+00   0.00000000000e+00   0.00000000000e+00   0.00000000000e+00   0.00000000000e+00   0.00000000000e+00   0.00000000000e+00   0.00000000000e+00 

Function evaluation 66 (0,0). Func 1 Grad 0 Sec 0
Function
 -9.34203395882e+02 
Parameter
  1.80519781369e-03   1.62414898181e-03   1.88984952755e-03   1.53919180591e-03   1.75555470353e-03   1.68159694114e-03   1.46387525505e-03   1.96206017929e-03   0.00000000000e+00   0.00000000000e+00   0.00000000000e+00   0.00000000000e+00   0.00000000000e+00   0.00000000000e+00   0.00000000000e+00   0.00000000000e+00   0.00000000000e+00   0.00000000000e+00 

Function evaluation 67 (0,0). Func 1 Grad 0 Sec 0
Function
 -9.34205621739e+02 
Parameter
  1.80519781369e-03   1.62414898181e-03   1.88984952755e-03   1.53919180591e-03   1.75555470353e-03   1.67159694114e-03   1.47387525505e-03   1.96206017929e-03   0.00000000000e+00   0.00000000000e+00   0.00000000000e+00   0.00000000000e+00   0.00000000000e+00   0.00000000000e+00   0.00000000000e+00   0.00000000000e+00   0.00000000000e+00   0.00000000000e+00 

Function evaluation 68 (0,0). Func 1 Grad 0 Sec 0
Function
 -9.34220922106e+02 
Parameter
  1.80519781369e-03   1.62414898181e-03   1.88984952755e-03   1.53919180591e-03   1.75555470353e-03   1.67159694114e-03   1.46387525505e-03   1.97206017929e-03   0.00000000000e+00   0.00000000000e+00   0.00000000000e+00   0.00000000000e+00   0.00000000000e+00   0.00000000000e+00   0.00000000000e+00   0.00000000000e+00   0.00000000000e+00   0.00000000000e+00 

Function evaluation 69 (0,0). Func 1 Grad 0 Sec 0
Function
 -9.34203676714e+02 
Parameter
  1.81519781369e-03   1.62414898181e-03   1.88984952755e-03   1.53919180591e-03   1.75555470353e-03   1.67159694114e-03   1.46387525505e-03   1.96206017929e-03   0.00000000000e+00   0.00000000000e+00   0.00000000000e+00   0.00000000000e+00   0.00000000000e+00   0.00000000000e+00   0.00000000000e+00   0.00000000000e+00   0.00000000000e+00   0.00000000000e+00 

Function evaluation 70 (0,0). Func 1 Grad 0 Sec 0
Function
 -9.34195406121e+02 
Parameter
  1.80519781369e-03   1.63414898181e-03   1.88984952755e-03   1.53919180591e-03   1.75555470353e-03   1.67159694114e-03   1.46387525505e-03   1.96206017929e-03   0.00000000000e+00   0.00000000000e+00   0.00000000000e+00   0.00000000000e+00   0.00000000000e+00   0.00000000000e+00   0.00000000000e+00   0.00000000000e+00   0.00000000000e+00   0.00000000000e+00 

Function evaluation 71 (0,0). Func 1 Grad 0 Sec 0
Function
 -9.34201942648e+02 
Parameter
  1.80519781369e-03   1.62414898181e-03   1.90984952755e-03   1.53919180591e-03   1.75555470353e-03   1.67159694114e-03   1.46387525505e-03   1.96206017929e-03   0.00000000000e+00   0.00000000000e+00   0.00000000000e+00   0.00000000000e+00   0.00000000000e+00   0.00000000000e+00   0.00000000000e+00   0.00000000000e+00   0.00000000000e+00   0.00000000000e+00 

Function evaluation 72 (0,0). Func 1 Grad 0 Sec 0
Function
 -9.34188649975e+02 
Parameter
  1.80519781369e-03   1.62414898181e-03   1.89984952755e-03   1.54919180591e-03   1.75555470353e-03   1.67159694114e-03   1.46387525505e-03   1.96206017929e-03   0.00000000000e+00   0.00000000000e+00   0.00000000000e+00   0.00000000000e+00   0.00000000000e+00   0.00000000000e+00   0.00000000000e+00   0.00000000000e+00   0.00000000000e+00   0.00000000000e+00 

Function evaluation 73 (0,0). Func 1 Grad 0 Sec 0
Function
 -9.34202832296e+02 
Parameter
  1.80519781369e-03   1.62414898181e-03   1.89984952755e-03   1.53919180591e-03   1.76555470353e-03   1.67159694114e-03   1.46387525505e-03   1.96206017929e-03   0.00000000000e+00   0.00000000000e+00   0.00000000000e+00   0.00000000000e+00   0.00000000000e+00   0.00000000000e+00   0.00000000000e+00   0.00000000000e+00   0.00000000000e+00   0.00000000000e+00 

Function evaluation 74 (0,0). Func 1 Grad 0 Sec 0
Function
 -9.34202200297e+02 
Parameter
  1.80519781369e-03   1.62414898181e-03   1.89984952755e-03   1.53919180591e-03   1.75555470353e-03   1.68159694114e-03   1.46387525505e-03   1.96206017929e-03   0.00000000000e+00   0.00000000000e+00   0.00000000000e+00   0.00000000000e+00   0.00000000000e+00   0.00000000000e+00   0.00000000000e+00   0.00000000000e+00   0.00000000000e+00   0.00000000000e+00 

Function evaluation 75 (0,0). Func 1 Grad 0 Sec 0
Function
 -9.34204426275e+02 
Parameter
  1.80519781369e-03   1.62414898181e-03   1.89984952755e-03   1.53919180591e-03   1.75555470353e-03   1.67159694114e-03   1.47387525505e-03   1.96206017929e-03   0.00000000000e+00   0.00000000000e+00   0.00000000000e+00   0.00000000000e+00   0.00000000000e+00   0.00000000000e+00   0.00000000000e+00   0.00000000000e+00   0.00000000000e+00   0.00000000000e+00 

Function evaluation 76 (0,0). Func 1 Grad 0 Sec 0
Function
 -9.34219726536e+02 
Parameter
  1.80519781369e-03   1.62414898181e-03   1.89984952755e-03   1.53919180591e-03   1.75555470353e-03   1.67159694114e-03   1.46387525505e-03   1.97206017929e-03   0.00000000000e+00   0.00000000000e+00   0.00000000000e+00   0.00000000000e+00   0.00000000000e+00   0.00000000000e+00   0.00000000000e+00   0.00000000000e+00   0.00000000000e+00   0.00000000000e+00 

Function evaluation 77 (0,0). Func 1 Grad 0 Sec 0
Function
 -9.34202481248e+02 
Parameter
  1.81519781369e-03   1.62414898181e-03   1.89984952755e-03   1.53919180591e-03   1.75555470353e-03   1.67159694114e-03   1.46387525505e-03   1.96206017929e-03   0.00000000000e+00   0.00000000000e+00   0.00000000000e+00   0.00000000000e+00   0.00000000000e+00   0.00000000000e+00   0.00000000000e+00   0.00000000000e+00   0.00000000000e+00   0.00000000000e+00 

Function evaluation 78 (0,0). Func 1 Grad 0 Sec 0
Function
 -9.34194210529e+02 
Parameter
  1.80519781369e-03   1.63414898181e-03   1.89984952755e-03   1.53919180591e-03   1.75555470353e-03   1.67159694114e-03   1.46387525505e-03   1.96206017929e-03   0.00000000000e+00   0.00000000000e+00   0.00000000000e+00   0.00000000000e+00   0.00000000000e+00   0.00000000000e+00   0.00000000000e+00   0.00000000000e+00   0.00000000000e+00   0.00000000000e+00 

Function evaluation 79 (0,0). Func 1 Grad 0 Sec 0
Function
 -9.34175362437e+02 
Parameter
  1.80519781369e-03   1.62414898181e-03   1.88984952755e-03   1.55919180591e-03   1.75555470353e-03   1.67159694114e-03   1.46387525505e-03   1.96206017929e-03   0.00000000000e+00   0.00000000000e+00   0.00000000000e+00   0.00000000000e+00   0.00000000000e+00   0.00000000000e+00   0.00000000000e+00   0.00000000000e+00   0.00000000000e+00   0.00000000000e+00 

Function evaluation 80 (0,0). Func 1 Grad 0 Sec 0
Function
 -9.34189539045e+02 
Parameter
  1.80519781369e-03   1.62414898181e-03   1.88984952755e-03   1.54919180591e-03   1.76555470353e-03   1.67159694114e-03   1.46387525505e-03   1.96206017929e-03   0.00000000000e+00   0.00000000000e+00   0.00000000000e+00   0.00000000000e+00   0.00000000000e+00   0.00000000000e+00   0.00000000000e+00   0.00000000000e+00   0.00000000000e+00   0.00000000000e+00 

Function evaluation 81 (0,0). Func 1 Grad 0 Sec 0
Function
 -9.34188905737e+02 
Parameter
  1.80519781369e-03   1.62414898181e-03   1.88984952755e-03   1.54919180591e-03   1.75555470353e-03   1.68159694114e-03   1.46387525505e-03   1.96206017929e-03   0.00000000000e+00   0.00000000000e+00   0.00000000000e+00   0.00000000000e+00   0.00000000000e+00   0.00000000000e+00   0.00000000000e+00   0.00000000000e+00   0.00000000000e+00   0.00000000000e+00 

Function evaluation 82 (0,0). Func 1 Grad 0 Sec 0
Function
 -9.34191133037e+02 
Parameter
  1.80519781369e-03   1.62414898181e-03   1.88984952755e-03   1.54919180591e-03   1.75555470353e-03   1.67159694114e-03   1.47387525505e-03   1.96206017929e-03   0.00000000000e+00   0.00000000000e+00   0.00000000000e+00   0.00000000000e+00   0.00000000000e+00   0.00000000000e+00   0.00000000000e+00   0.00000000000e+00   0.00000000000e+00   0.00000000000e+00 

Function evaluation 83 (0,0). Func 1 Grad 0 Sec 0
Function
 -9.34206432129e+02 
Parameter
  1.80519781369e-03   1.62414898181e-03   1.88984952755e-03   1.54919180591e-03   1.75555470353e-03   1.67159694114e-03   1.46387525505e-03   1.97206017929e-03   0.00000000000e+00   0.00000000000e+00   0.00000000000e+00   0.00000000000e+00   0.00000000000e+00   0.00000000000e+00   0.00000000000e+00   0.00000000000e+00   0.00000000000e+00   0.00000000000e+00 

Function evaluation 84 (0,0). Func 1 Grad 0 Sec 0
Function
 -9.34189187990e+02 
Parameter
  1.81519781369e-03   1.62414898181e-03   1.88984952755e-03   1.54919180591e-03   1.75555470353e-03   1.67159694114e-03   1.46387525505e-03   1.96206017929e-03   0.00000000000e+00   0.00000000000e+00   0.00000000000e+00   0.00000000000e+00   0.00000000000e+00   0.00000000000e+00   0.00000000000e+00   0.00000000000e+00   0.00000000000e+00   0.00000000000e+00 

Function evaluation 85 (0,0). Func 1 Grad 0 Sec 0
Function
 -9.34180915858e+02 
Parameter
  1.80519781369e-03   1.63414898181e-03   1.88984952755e-03   1.54919180591e-03   1.75555470353e-03   1.67159694114e-03   1.46387525505e-03   1.96206017929e-03   0.00000000000e+00   0.00000000000e+00   0.00000000000e+00   0.00000000000e+00   0.00000000000e+00   0.00000000000e+00   0.00000000000e+00   0.00000000000e+00   0.00000000000e+00   0.00000000000e+00 

Function evaluation 86 (0,0). Func 1 Grad 0 Sec 0
Function
 -9.34203722050e+02 
Parameter
  1.80519781369e-03   1.62414898181e-03   1.88984952755e-03   1.53919180591e-03   1.77555470353e-03   1.67159694114e-03   1.46387525505e-03   1.96206017929e-03   0.00000000000e+00   0.00000000000e+00   0.00000000000e+00   0.00000000000e+00   0.00000000000e+00   0.00000000000e+00   0.00000000000e+00   0.00000000000e+00   0.00000000000e+00   0.00000000000e+00 

Function evaluation 87 (0,0). Func 1 Grad 0 Sec 0
Function
 -9.34203090596e+02 
Parameter
  1.80519781369e-03   1.62414898181e-03   1.88984952755e-03   1.53919180591e-03   1.76555470353e-03   1.68159694114e-03   1.46387525505e-03   1.96206017929e-03   0.00000000000e+00   0.00000000000e+00   0.00000000000e+00   0.00000000000e+00   0.00000000000e+00   0.00000000000e+00   0.00000000000e+00   0.00000000000e+00   0.00000000000e+00   0.00000000000e+00 

Function evaluation 88 (0,0). Func 1 Grad 0 Sec 0
Function
 -9.34205315977e+02 
Parameter
  1.80519781369e-03   1.62414898181e-03   1.88984952755e-03   1.53919180591e-03   1.76555470353e-03   1.67159694114e-03   1.47387525505e-03   1.96206017929e-03   0.00000000000e+00   0.00000000000e+00   0.00000000000e+00   0.00000000000e+00   0.00000000000e+00   0.00000000000e+00   0.00000000000e+00   0.00000000000e+00   0.00000000000e+00   0.00000000000e+00 

Function evaluation 89 (0,0). Func 1 Grad 0 Sec 0
Function
 -9.34220616249e+02 
Parameter
  1.80519781369e-03   1.62414898181e-03   1.88984952755e-03   1.53919180591e-03   1.76555470353e-03   1.67159694114e-03   1.46387525505e-03   1.97206017929e-03   0.00000000000e+00   0.00000000000e+00   0.00000000000e+00   0.00000000000e+00   0.00000000000e+00   0.00000000000e+00   0.00000000000e+00   0.00000000000e+00   0.00000000000e+00   0.00000000000e+00 

Function evaluation 90 (0,0). Func 1 Grad 0 Sec 0
Function
 -9.34203370951e+02 
Parameter
  1.81519781369e-03   1.62414898181e-03   1.88984952755e-03   1.53919180591e-03   1.76555470353e-03   1.67159694114e-03   1.46387525505e-03   1.96206017929e-03   0.00000000000e+00   0.00000000000e+00   0.00000000000e+00   0.00000000000e+00   0.00000000000e+00   0.00000000000e+00   0.00000000000e+00   0.00000000000e+00   0.00000000000e+00   0.00000000000e+00 

Function evaluation 91 (0,0). Func 1 Grad 0 Sec 0
Function
 -9.34195100243e+02 
Parameter
  1.80519781369e-03   1.63414898181e-03   1.88984952755e-03   1.53919180591e-03   1.76555470353e-03   1.67159694114e-03   1.46387525505e-03   1.96206017929e-03   0.00000000000e+00   0.00000000000e+00   0.00000000000e+00   0.00000000000e+00   0.00000000000e+00   0.00000000000e+00   0.00000000000e+00   0.00000000000e+00   0.00000000000e+00   0.00000000000e+00 

Function evaluation 92 (0,0). Func 1 Grad 0 Sec 0
Function
 -9.34202463843e+02 
Parameter
  1.80519781369e-03   1.62414898181e-03   1.88984952755e-03   1.53919180591e-03   1.75555470353e-03   1.69159694114e-03   1.46387525505e-03   1.96206017929e-03   0.00000000000e+00   0.00000000000e+00   0.00000000000e+00   0.00000000000e+00   0.00000000000e+00   0.00000000000e+00   0.00000000000e+00   0.00000000000e+00   0.00000000000e+00   0.00000000000e+00 

Function evaluation 93 (0,0). Func 1 Grad 0 Sec 0
Function
 -9.34204684002e+02 
Parameter
  1.80519781369e-03   1.62414898181e-03   1.88984952755e-03   1.53919180591e-03   1.75555470353e-03   1.68159694114e-03   1.47387525505e-03   1.96206017929e-03   0.00000000000e+00   0.00000000000e+00   0.00000000000e+00   0.00000000000e+00   0.00000000000e+00   0.00000000000e+00   0.00000000000e+00   0.00000000000e+00   0.00000000000e+00   0.00000000000e+00 

Function evaluation 94 (0,0). Func 1 Grad 0 Sec 0
Function
 -9.34219983253e+02 
Parameter
  1.80519781369e-03   1.62414898181e-03   1.88984952755e-03   1.53919180591e-03   1.75555470353e-03   1.68159694114e-03   1.46387525505e-03   1.97206017929e-03   0.00000000000e+00   0.00000000000e+00   0.00000000000e+00   0.00000000000e+00   0.00000000000e+00   0.00000000000e+00   0.00000000000e+00   0.00000000000e+00   0.00000000000e+00   0.00000000000e+00 

Function evaluation 95 (0,0). Func 1 Grad 0 Sec 0
Function
 -9.34202738955e+02 
Parameter
  1.81519781369e-03   1.62414898181e-03   1.88984952755e-03   1.53919180591e-03   1.75555470353e-03   1.68159694114e-03   1.46387525505e-03   1.96206017929e-03   0.00000000000e+00   0.00000000000e+00   0.00000000000e+00   0.00000000000e+00   0.00000000000e+00   0.00000000000e+00   0.00000000000e+00   0.00000000000e+00   0.00000000000e+00   0.00000000000e+00 

Function evaluation 96 (0,0). Func 1 Grad 0 Sec 0
Function
 -9.34194466981e+02 
Parameter
  1.80519781369e-03   1.63414898181e-03   1.88984952755e-03   1.53919180591e-03   1.75555470353e-03   1.68159694114e-03   1.46387525505e-03   1.96206017929e-03   0.00000000000e+00   0.00000000000e+00   0.00000000000e+00   0.00000000000e+00   0.00000000000e+00   0.00000000000e+00   0.00000000000e+00   0.00000000000e+00   0.00000000000e+00   0.00000000000e+00 

Function evaluation 97 (0,0). Func 1 Grad 0 Sec 0
Function
 -9.34206910000e+02 
Parameter
  1.80519781369e-03   1.62414898181e-03   1.88984952755e-03   1.53919180591e-03   1.75555470353e-03   1.67159694114e-03   1.48387525505e-03   1.96206017929e-03   0.00000000000e+00   0.00000000000e+00   0.00000000000e+00   0.00000000000e+00   0.00000000000e+00   0.00000000000e+00   0.00000000000e+00   0.00000000000e+00   0.00000000000e+00   0.00000000000e+00 

Function evaluation 98 (0,0). Func 1 Grad 0 Sec 0
Function
 -9.34222210753e+02 
Parameter
  1.80519781369e-03   1.62414898181e-03   1.88984952755e-03   1.53919180591e-03   1.75555470353e-03   1.67159694114e-03   1.47387525505e-03   1.97206017929e-03   0.00000000000e+00   0.00000000000e+00   0.00000000000e+00   0.00000000000e+00   0.00000000000e+00   0.00000000000e+00   0.00000000000e+00   0.00000000000e+00   0.00000000000e+00   0.00000000000e+00 

Function evaluation 99 (0,0). Func 1 Grad 0 Sec 0
Function
 -9.34204964929e+02 
Parameter
  1.81519781369e-03   1.62414898181e-03   1.88984952755e-03   1.53919180591e-03   1.75555470353e-03   1.67159694114e-03   1.47387525505e-03   1.96206017929e-03   0.00000000000e+00   0.00000000000e+00   0.00000000000e+00   0.00000000000e+00   0.00000000000e+00   0.00000000000e+00   0.00000000000e+00   0.00000000000e+00   0.00000000000e+00   0.00000000000e+00 

Function evaluation 100 (0,0). Func 1 Grad 0 Sec 0
Function
 -9.34196694235e+02 
Parameter
  1.80519781369e-03   1.63414898181e-03   1.88984952755e-03   1.53919180591e-03   1.75555470353e-03   1.67159694114e-03   1.47387525505e-03   1.96206017929e-03   0.00000000000e+00   0.00000000000e+00   0.00000000000e+00   0.00000000000e+00   0.00000000000e+00   0.00000000000e+00   0.00000000000e+00   0.00000000000e+00   0.00000000000e+00   0.00000000000e+00 

Function evaluation 101 (0,0). Func 1 Grad 0 Sec 0
Function
 -9.34237515791e+02 
Parameter
  1.80519781369e-03   1.62414898181e-03   1.88984952755e-03   1.53919180591e-03   1.75555470353e-03   1.67159694114e-03   1.46387525505e-03   1.98206017929e-03   0.00000000000e+00   0.00000000000e+00   0.00000000000e+00   0.00000000000e+00   0.00000000000e+00   0.00000000000e+00   0.00000000000e+00   0.00000000000e+00   0.00000000000e+00   0.00000000000e+00 

Function evaluation 102 (0,0). Func 1 Grad 0 Sec 0
Function
 -9.34220265194e+02 
Parameter
  1.81519781369e-03   1.62414898181e-03   1.88984952755e-03   1.53919180591e-03   1.75555470353e-03   1.67159694114e-03   1.46387525505e-03   1.97206017929e-03   0.00000000000e+00   0.00000000000e+00   0.00000000000e+00   0.00000000000e+00   0.00000000000e+00   0.00000000000e+00   0.00000000000e+00   0.00000000000e+00   0.00000000000e+00   0.00000000000e+00 

Function evaluation 103 (0,0). Func 1 Grad 0 Sec 0
Function
 -9.34211993373e+02 
Parameter
  1.80519781369e-03   1.63414898181e-03   1.88984952755e-03   1.53919180591e-03   1.75555470353e-03   1.67159694114e-03   1.46387525505e-03   1.97206017929e-03   0.00000000000e+00   0.00000000000e+00   0.00000000000e+00   0.00000000000e+00   0.00000000000e+00   0.00000000000e+00   0.00000000000e+00   0.00000000000e+00   0.00000000000e+00   0.00000000000e+00 

Function evaluation 104 (0,0). Func 1 Grad 0 Sec 0
Function
 -9.34203019955e+02 
Parameter
  1.82519781369e-03   1.62414898181e-03   1.88984952755e-03   1.53919180591e-03   1.75555470353e-03   1.67159694114e-03   1.46387525505e-03   1.96206017929e-03   0.00000000000e+00   0.00000000000e+00   0.00000000000e+00   0.00000000000e+00   0.00000000000e+00   0.00000000000e+00   0.00000000000e+00   0.00000000000e+00   0.00000000000e+00   0.00000000000e+00 

Function evaluation 105 (0,0). Func 1 Grad 0 Sec 0
Function
 -9.34194749808e+02 
Parameter
  1.81519781369e-03   1.63414898181e-03   1.88984952755e-03   1.53919180591e-03   1.75555470353e-03   1.67159694114e-03   1.46387525505e-03   1.96206017929e-03   0.00000000000e+00   0.00000000000e+00   0.00000000000e+00   0.00000000000e+00   0.00000000000e+00   0.00000000000e+00   0.00000000000e+00   0.00000000000e+00   0.00000000000e+00   0.00000000000e+00 

Function evaluation 106 (0,0). Func 1 Grad 0 Sec 0
Function
 -9.34186484675e+02 
Parameter
  1.80519781369e-03   1.64414898181e-03   1.88984952755e-03   1.53919180591e-03   1.75555470353e-03   1.67159694114e-03   1.46387525505e-03   1.96206017929e-03   0.00000000000e+00   0.00000000000e+00   0.00000000000e+00   0.00000000000e+00   0.00000000000e+00   0.00000000000e+00   0.00000000000e+00   0.00000000000e+00   0.00000000000e+00   0.00000000000e+00 
Hessian
  4.24864765591e+02   9.57732986785e+07  -8.00998252771e+06  -4.55549015669e+06  -6.00097834422e+06  -4.55578020023e+06  -8.45352890678e+06  -4.55546203966e+06 
  5.01713884660e+03   6.09671963048e+04  -3.43685515304e+06  -8.00709516056e+06  -1.43212378134e+06  -6.00077494710e+06  -3.87834057278e+06  -8.44970695880e+06 
 -1.12094085125e+02  -1.30140961119e+03   4.02211526307e+02   7.22413116091e+07  -4.87906691319e+06  -3.43727440168e+06  -7.33161747235e+06  -3.43695623883e+06 
 -1.30142211674e+03  -1.55732902840e+04   4.67066001875e+03   5.59508612241e+04  -1.43225298643e+06  -4.88067578999e+06  -3.87846977674e+06  -7.32960780169e+06 
 -9.86074155662e+01  -1.15358830044e+03  -9.09244590730e+01  -1.03623051473e+03   3.61962975148e+02   3.01028130002e+07  -5.32261329226e+06  -1.43222486940e+06 
 -1.15361103781e+03  -1.38954078466e+04  -1.03625097836e+03  -1.21969617339e+04   4.22965285907e+03   5.09466383392e+04  -3.87875982256e+06  -5.32328758823e+06 
 -1.15090870167e+02  -1.37031861414e+03  -1.07488631329e+02  -1.25403062157e+03  -9.39689925872e+01  -1.10591599878e+03   4.11141627410e+02   8.15447241928e+07 
 -1.37032202474e+03  -1.67548228092e+04  -1.25402038975e+03  -1.50710150137e+04  -1.10588871394e+03  -1.33896389798e+04   4.87592501486e+03   5.94712219026e+04 

Function evaluation 107 (0,0). Func 1 Grad 0 Sec 0
Function
 -8.69378931018e+02 
Parameter
 -9.35686402062e-01   1.01309662826e-01  -3.85979888061e-01   6.30778263134e-02   1.07019724184e+00  -7.52428295930e-02   3.48957406627e-01  -4.24179495648e-02   0.00000000000e+00   0.00000000000e+00   0.00000000000e+00   0.00000000000e+00   0.00000000000e+00   0.00000000000e+00   0.00000000000e+00   0.00000000000e+00   0.00000000000e+00   0.00000000000e+00 

Function evaluation 108 (0,0). Func 1 Grad 0 Sec 0
Function
 -8.35660352349e+02 
Parameter
  1.34361491414e+00  -8.29855748749e-02   1.88302839325e+00  -1.20589997241e-01   3.28392186688e+00  -2.54922033560e-01   2.55306295235e+00  -2.20925965713e-01   0.00000000000e+00   0.00000000000e+00   0.00000000000e+00   0.00000000000e+00   0.00000000000e+00   0.00000000000e+00   0.00000000000e+00   0.00000000000e+00   0.00000000000e+00   0.00000000000e+00 

Function evaluation 109 (0,0). Func 1 Grad 0 Sec 0
Function
 -8.35660351654e+02 
Parameter
  1.34361491414e+00  -8.29855748749e-02   1.88302845280e+00  -1.20589997241e-01   3.28392186688e+00  -2.54922033560e-01   2.55306295235e+00  -2.20925965713e-01   0.00000000000e+00   0.00000000000e+00   0.00000000000e+00   0.00000000000e+00   0.00000000000e+00   0.00000000000e+00   0.00000000000e+00   0.00000000000e+00   0.00000000000e+00   0.00000000000e+00 

Function evaluation 110 (0,0). Func 1 Grad 0 Sec 0
Function
 -8.35660348228e+02 
Parameter
  1.34361491414e+00  -8.29855748749e-02   1.88302839325e+00  -1.20589965618e-01   3.28392186688e+00  -2.54922033560e-01   2.55306295235e+00  -2.20925965713e-01   0.00000000000e+00   0.00000000000e+00   0.00000000000e+00   0.00000000000e+00   0.00000000000e+00   0.00000000000e+00   0.00000000000e+00   0.00000000000e+00   0.00000000000e+00   0.00000000000e+00 

Function evaluation 111 (0,0). Func 1 Grad 0 Sec 0
Function
 -8.35660351713e+02 
Parameter
  1.34361491414e+00  -8.29855748749e-02   1.88302839325e+00  -1.20589997241e-01   3.28392197073e+00  -2.54922033560e-01   2.55306295235e+00  -2.20925965713e-01   0.00000000000e+00   0.00000000000e+00   0.00000000000e+00   0.00000000000e+00   0.00000000000e+00   0.00000000000e+00   0.00000000000e+00   0.00000000000e+00   0.00000000000e+00   0.00000000000e+00 

Function evaluation 112 (0,0). Func 1 Grad 0 Sec 0
Function
 -8.35660350621e+02 
Parameter
  1.34361491414e+00  -8.29855748749e-02   1.88302839325e+00  -1.20589997241e-01   3.28392186688e+00  -2.54922001937e-01   2.55306295235e+00  -2.20925965713e-01   0.00000000000e+00   0.00000000000e+00   0.00000000000e+00   0.00000000000e+00   0.00000000000e+00   0.00000000000e+00   0.00000000000e+00   0.00000000000e+00   0.00000000000e+00   0.00000000000e+00 

Function evaluation 113 (0,0). Func 1 Grad 0 Sec 0
Function
 -8.35660353578e+02 
Parameter
  1.34361491414e+00  -8.29855748749e-02   1.88302839325e+00  -1.20589997241e-01   3.28392186688e+00  -2.54922033560e-01   2.55306303309e+00  -2.20925965713e-01   0.00000000000e+00   0.00000000000e+00   0.00000000000e+00   0.00000000000e+00   0.00000000000e+00   0.00000000000e+00   0.00000000000e+00   0.00000000000e+00   0.00000000000e+00   0.00000000000e+00 

Function evaluation 114 (0,0). Func 1 Grad 0 Sec 0
Function
 -8.35660359676e+02 
Parameter
  1.34361491414e+00  -8.29855748749e-02   1.88302839325e+00  -1.20589997241e-01   3.28392186688e+00  -2.54922033560e-01   2.55306295235e+00  -2.20925934090e-01   0.00000000000e+00   0.00000000000e+00   0.00000000000e+00   0.00000000000e+00   0.00000000000e+00   0.00000000000e+00   0.00000000000e+00   0.00000000000e+00   0.00000000000e+00   0.00000000000e+00 

Function evaluation 115 (0,0). Func 1 Grad 0 Sec 0
Function
 -8.35660351823e+02 
Parameter
  1.34361495663e+00  -8.29855748749e-02   1.88302839325e+00  -1.20589997241e-01   3.28392186688e+00  -2.54922033560e-01   2.55306295235e+00  -2.20925965713e-01   0.00000000000e+00   0.00000000000e+00   0.00000000000e+00   0.00000000000e+00   0.00000000000e+00   0.00000000000e+00   0.00000000000e+00   0.00000000000e+00   0.00000000000e+00   0.00000000000e+00 

Function evaluation 116 (0,0). Func 1 Grad 0 Sec 0
Function
 -8.35660347785e+02 
Parameter
  1.34361491414e+00  -8.29855432521e-02   1.88302839325e+00  -1.20589997241e-01   3.28392186688e+00  -2.54922033560e-01   2.55306295235e+00  -2.20925965713e-01   0.00000000000e+00   0.00000000000e+00   0.00000000000e+00   0.00000000000e+00   0.00000000000e+00   0.00000000000e+00   0.00000000000e+00   0.00000000000e+00   0.00000000000e+00   0.00000000000e+00 

Scaled gradient
  2.77285227369e-01 
Scaled parameter change
  9.99465409113e-01 

ITER      Function Value     Norm of Gradient  Par Change   FCall
    2   8.3566035234853e+02  2.7728522737e-01  9.9947e-01     116 (0,0)

Parameter
  1.88984952755e-03   1.53919180591e-03   1.75555470353e-03   1.67159694114e-03   1.46387525505e-03   1.96206017929e-03   1.80519781369e-03   1.62414898181e-03 
Gradient
 -1.16655415687e+01  -1.30288739935e+02  -6.12236104750e+00  -5.46442200105e+01   1.52262535852e+01   2.31716270804e+02  -1.23731624301e+01  -1.44326753071e+02 

Function evaluation 117 (0,0). Func 1 Grad 0 Sec 0
Function
 -8.35660132762e+02 
Parameter
  1.34361491414e+00  -8.29855748749e-02   1.88304722353e+00  -1.20589997241e-01   3.28392186688e+00  -2.54922033560e-01   2.55306295235e+00  -2.20925965713e-01   0.00000000000e+00   0.00000000000e+00   0.00000000000e+00   0.00000000000e+00   0.00000000000e+00   0.00000000000e+00   0.00000000000e+00   0.00000000000e+00   0.00000000000e+00   0.00000000000e+00 

Function evaluation 118 (0,0). Func 1 Grad 0 Sec 0
Function
 -8.35659052646e+02 
Parameter
  1.34361491414e+00  -8.29855748749e-02   1.88302839325e+00  -1.20579997241e-01   3.28392186688e+00  -2.54922033560e-01   2.55306295235e+00  -2.20925965713e-01   0.00000000000e+00   0.00000000000e+00   0.00000000000e+00   0.00000000000e+00   0.00000000000e+00   0.00000000000e+00   0.00000000000e+00   0.00000000000e+00   0.00000000000e+00   0.00000000000e+00 

Function evaluation 119 (0,0). Func 1 Grad 0 Sec 0
Function
 -8.35660151500e+02 
Parameter
  1.34361491414e+00  -8.29855748749e-02   1.88302839325e+00  -1.20589997241e-01   3.28395470610e+00  -2.54922033560e-01   2.55306295235e+00  -2.20925965713e-01   0.00000000000e+00   0.00000000000e+00   0.00000000000e+00   0.00000000000e+00   0.00000000000e+00   0.00000000000e+00   0.00000000000e+00   0.00000000000e+00   0.00000000000e+00   0.00000000000e+00 

Function evaluation 120 (0,0). Func 1 Grad 0 Sec 0
Function
 -8.35659808443e+02 
Parameter
  1.34361491414e+00  -8.29855748749e-02   1.88302839325e+00  -1.20589997241e-01   3.28392186688e+00  -2.54912033560e-01   2.55306295235e+00  -2.20925965713e-01   0.00000000000e+00   0.00000000000e+00   0.00000000000e+00   0.00000000000e+00   0.00000000000e+00   0.00000000000e+00   0.00000000000e+00   0.00000000000e+00   0.00000000000e+00   0.00000000000e+00 

Function evaluation 121 (0,0). Func 1 Grad 0 Sec 0
Function
 -8.35660741171e+02 
Parameter
  1.34361491414e+00  -8.29855748749e-02   1.88302839325e+00  -1.20589997241e-01   3.28392186688e+00  -2.54922033560e-01   2.55308848298e+00  -2.20925965713e-01   0.00000000000e+00   0.00000000000e+00   0.00000000000e+00   0.00000000000e+00   0.00000000000e+00   0.00000000000e+00   0.00000000000e+00   0.00000000000e+00   0.00000000000e+00   0.00000000000e+00 

Function evaluation 122 (0,0). Func 1 Grad 0 Sec 0
Function
 -8.35662671260e+02 
Parameter
  1.34361491414e+00  -8.29855748749e-02   1.88302839325e+00  -1.20589997241e-01   3.28392186688e+00  -2.54922033560e-01   2.55306295235e+00  -2.20915965713e-01   0.00000000000e+00   0.00000000000e+00   0.00000000000e+00   0.00000000000e+00   0.00000000000e+00   0.00000000000e+00   0.00000000000e+00   0.00000000000e+00   0.00000000000e+00   0.00000000000e+00 

Function evaluation 123 (0,0). Func 1 Grad 0 Sec 0
Function
 -8.35660186138e+02 
Parameter
  1.34362835029e+00  -8.29855748749e-02   1.88302839325e+00  -1.20589997241e-01   3.28392186688e+00  -2.54922033560e-01   2.55306295235e+00  -2.20925965713e-01   0.00000000000e+00   0.00000000000e+00   0.00000000000e+00   0.00000000000e+00   0.00000000000e+00   0.00000000000e+00   0.00000000000e+00   0.00000000000e+00   0.00000000000e+00   0.00000000000e+00 

Function evaluation 124 (0,0). Func 1 Grad 0 Sec 0
Function
 -8.35658912114e+02 
Parameter
  1.34361491414e+00  -8.29755748749e-02   1.88302839325e+00  -1.20589997241e-01   3.28392186688e+00  -2.54922033560e-01   2.55306295235e+00  -2.20925965713e-01   0.00000000000e+00   0.00000000000e+00   0.00000000000e+00   0.00000000000e+00   0.00000000000e+00   0.00000000000e+00   0.00000000000e+00   0.00000000000e+00   0.00000000000e+00   0.00000000000e+00 

Function evaluation 125 (0,0). Func 1 Grad 0 Sec 0
Function
 -8.35659913332e+02 
Parameter
  1.34361491414e+00  -8.29855748749e-02   1.88306605382e+00  -1.20589997241e-01   3.28392186688e+00  -2.54922033560e-01   2.55306295235e+00  -2.20925965713e-01   0.00000000000e+00   0.00000000000e+00   0.00000000000e+00   0.00000000000e+00   0.00000000000e+00   0.00000000000e+00   0.00000000000e+00   0.00000000000e+00   0.00000000000e+00   0.00000000000e+00 

Function evaluation 126 (0,0). Func 1 Grad 0 Sec 0
Function
 -8.35658834047e+02 
Parameter
  1.34361491414e+00  -8.29855748749e-02   1.88304722353e+00  -1.20579997241e-01   3.28392186688e+00  -2.54922033560e-01   2.55306295235e+00  -2.20925965713e-01   0.00000000000e+00   0.00000000000e+00   0.00000000000e+00   0.00000000000e+00   0.00000000000e+00   0.00000000000e+00   0.00000000000e+00   0.00000000000e+00   0.00000000000e+00   0.00000000000e+00 

Function evaluation 127 (0,0). Func 1 Grad 0 Sec 0
Function
 -8.35659931833e+02 
Parameter
  1.34361491414e+00  -8.29855748749e-02   1.88304722353e+00  -1.20589997241e-01   3.28395470610e+00  -2.54922033560e-01   2.55306295235e+00  -2.20925965713e-01   0.00000000000e+00   0.00000000000e+00   0.00000000000e+00   0.00000000000e+00   0.00000000000e+00   0.00000000000e+00   0.00000000000e+00   0.00000000000e+00   0.00000000000e+00   0.00000000000e+00 

Function evaluation 128 (0,0). Func 1 Grad 0 Sec 0
Function
 -8.35659588583e+02 
Parameter
  1.34361491414e+00  -8.29855748749e-02   1.88304722353e+00  -1.20589997241e-01   3.28392186688e+00  -2.54912033560e-01   2.55306295235e+00  -2.20925965713e-01   0.00000000000e+00   0.00000000000e+00   0.00000000000e+00   0.00000000000e+00   0.00000000000e+00   0.00000000000e+00   0.00000000000e+00   0.00000000000e+00   0.00000000000e+00   0.00000000000e+00 

Function evaluation 129 (0,0). Func 1 Grad 0 Sec 0
Function
 -8.35660521545e+02 
Parameter
  1.34361491414e+00  -8.29855748749e-02   1.88304722353e+00  -1.20589997241e-01   3.28392186688e+00  -2.54922033560e-01   2.55308848298e+00  -2.20925965713e-01   0.00000000000e+00   0.00000000000e+00   0.00000000000e+00   0.00000000000e+00   0.00000000000e+00   0.00000000000e+00   0.00000000000e+00   0.00000000000e+00   0.00000000000e+00   0.00000000000e+00 

Function evaluation 130 (0,0). Func 1 Grad 0 Sec 0
Function
 -8.35662451503e+02 
Parameter
  1.34361491414e+00  -8.29855748749e-02   1.88304722353e+00  -1.20589997241e-01   3.28392186688e+00  -2.54922033560e-01   2.55306295235e+00  -2.20915965713e-01   0.00000000000e+00   0.00000000000e+00   0.00000000000e+00   0.00000000000e+00   0.00000000000e+00   0.00000000000e+00   0.00000000000e+00   0.00000000000e+00   0.00000000000e+00   0.00000000000e+00 

Function evaluation 131 (0,0). Func 1 Grad 0 Sec 0
Function
 -8.35659966515e+02 
Parameter
  1.34362835029e+00  -8.29855748749e-02   1.88304722353e+00  -1.20589997241e-01   3.28392186688e+00  -2.54922033560e-01   2.55306295235e+00  -2.20925965713e-01   0.00000000000e+00   0.00000000000e+00   0.00000000000e+00   0.00000000000e+00   0.00000000000e+00   0.00000000000e+00   0.00000000000e+00   0.00000000000e+00   0.00000000000e+00   0.00000000000e+00 

Function evaluation 132 (0,0). Func 1 Grad 0 Sec 0
Function
 -8.35658692200e+02 
Parameter
  1.34361491414e+00  -8.29755748749e-02   1.88304722353e+00  -1.20589997241e-01   3.28392186688e+00  -2.54922033560e-01   2.55306295235e+00  -2.20925965713e-01   0.00000000000e+00   0.00000000000e+00   0.00000000000e+00   0.00000000000e+00   0.00000000000e+00   0.00000000000e+00   0.00000000000e+00   0.00000000000e+00   0.00000000000e+00   0.00000000000e+00 

Function evaluation 133 (0,0). Func 1 Grad 0 Sec 0
Function
 -8.35657759332e+02 
Parameter
  1.34361491414e+00  -8.29855748749e-02   1.88302839325e+00  -1.20569997241e-01   3.28392186688e+00  -2.54922033560e-01   2.55306295235e+00  -2.20925965713e-01   0.00000000000e+00   0.00000000000e+00   0.00000000000e+00   0.00000000000e+00   0.00000000000e+00   0.00000000000e+00   0.00000000000e+00   0.00000000000e+00   0.00000000000e+00   0.00000000000e+00 

Function evaluation 134 (0,0). Func 1 Grad 0 Sec 0
Function
 -8.35658851319e+02 
Parameter
  1.34361491414e+00  -8.29855748749e-02   1.88302839325e+00  -1.20579997241e-01   3.28395470610e+00  -2.54922033560e-01   2.55306295235e+00  -2.20925965713e-01   0.00000000000e+00   0.00000000000e+00   0.00000000000e+00   0.00000000000e+00   0.00000000000e+00   0.00000000000e+00   0.00000000000e+00   0.00000000000e+00   0.00000000000e+00   0.00000000000e+00 

Function evaluation 135 (0,0). Func 1 Grad 0 Sec 0
Function
 -8.35658507047e+02 
Parameter
  1.34361491414e+00  -8.29855748749e-02   1.88302839325e+00  -1.20579997241e-01   3.28392186688e+00  -2.54912033560e-01   2.55306295235e+00  -2.20925965713e-01   0.00000000000e+00   0.00000000000e+00   0.00000000000e+00   0.00000000000e+00   0.00000000000e+00   0.00000000000e+00   0.00000000000e+00   0.00000000000e+00   0.00000000000e+00   0.00000000000e+00 

Function evaluation 136 (0,0). Func 1 Grad 0 Sec 0
Function
 -8.35659441237e+02 
Parameter
  1.34361491414e+00  -8.29855748749e-02   1.88302839325e+00  -1.20579997241e-01   3.28392186688e+00  -2.54922033560e-01   2.55308848298e+00  -2.20925965713e-01   0.00000000000e+00   0.00000000000e+00   0.00000000000e+00   0.00000000000e+00   0.00000000000e+00   0.00000000000e+00   0.00000000000e+00   0.00000000000e+00   0.00000000000e+00   0.00000000000e+00 

Function evaluation 137 (0,0). Func 1 Grad 0 Sec 0
Function
 -8.35661370505e+02 
Parameter
  1.34361491414e+00  -8.29855748749e-02   1.88302839325e+00  -1.20579997241e-01   3.28392186688e+00  -2.54922033560e-01   2.55306295235e+00  -2.20915965713e-01   0.00000000000e+00   0.00000000000e+00   0.00000000000e+00   0.00000000000e+00   0.00000000000e+00   0.00000000000e+00   0.00000000000e+00   0.00000000000e+00   0.00000000000e+00   0.00000000000e+00 

Function evaluation 138 (0,0). Func 1 Grad 0 Sec 0
Function
 -8.35658886202e+02 
Parameter
  1.34362835029e+00  -8.29855748749e-02   1.88302839325e+00  -1.20579997241e-01   3.28392186688e+00  -2.54922033560e-01   2.55306295235e+00  -2.20925965713e-01   0.00000000000e+00   0.00000000000e+00   0.00000000000e+00   0.00000000000e+00   0.00000000000e+00   0.00000000000e+00   0.00000000000e+00   0.00000000000e+00   0.00000000000e+00   0.00000000000e+00 

Function evaluation 139 (0,0). Func 1 Grad 0 Sec 0
Function
 -8.35657610262e+02 
Parameter
  1.34361491414e+00  -8.29755748749e-02   1.88302839325e+00  -1.20579997241e-01   3.28392186688e+00  -2.54922033560e-01   2.55306295235e+00  -2.20925965713e-01   0.00000000000e+00   0.00000000000e+00   0.00000000000e+00   0.00000000000e+00   0.00000000000e+00   0.00000000000e+00   0.00000000000e+00   0.00000000000e+00   0.00000000000e+00   0.00000000000e+00 

Function evaluation 140 (0,0). Func 1 Grad 0 Sec 0
Function
 -8.35659951061e+02 
Parameter
  1.34361491414e+00  -8.29855748749e-02   1.88302839325e+00  -1.20589997241e-01   3.28398754532e+00  -2.54922033560e-01   2.55306295235e+00  -2.20925965713e-01   0.00000000000e+00   0.00000000000e+00   0.00000000000e+00   0.00000000000e+00   0.00000000000e+00   0.00000000000e+00   0.00000000000e+00   0.00000000000e+00   0.00000000000e+00   0.00000000000e+00 

Function evaluation 141 (0,0). Func 1 Grad 0 Sec 0
Function
 -8.35659609018e+02 
Parameter
  1.34361491414e+00  -8.29855748749e-02   1.88302839325e+00  -1.20589997241e-01   3.28395470610e+00  -2.54912033560e-01   2.55306295235e+00  -2.20925965713e-01   0.00000000000e+00   0.00000000000e+00   0.00000000000e+00   0.00000000000e+00   0.00000000000e+00   0.00000000000e+00   0.00000000000e+00   0.00000000000e+00   0.00000000000e+00   0.00000000000e+00 

Function evaluation 142 (0,0). Func 1 Grad 0 Sec 0
Function
 -8.35660540261e+02 
Parameter
  1.34361491414e+00  -8.29855748749e-02   1.88302839325e+00  -1.20589997241e-01   3.28395470610e+00  -2.54922033560e-01   2.55308848298e+00  -2.20925965713e-01   0.00000000000e+00   0.00000000000e+00   0.00000000000e+00   0.00000000000e+00   0.00000000000e+00   0.00000000000e+00   0.00000000000e+00   0.00000000000e+00   0.00000000000e+00   0.00000000000e+00 

Function evaluation 143 (0,0). Func 1 Grad 0 Sec 0
Function
 -8.35662470154e+02 
Parameter
  1.34361491414e+00  -8.29855748749e-02   1.88302839325e+00  -1.20589997241e-01   3.28395470610e+00  -2.54922033560e-01   2.55306295235e+00  -2.20915965713e-01   0.00000000000e+00   0.00000000000e+00   0.00000000000e+00   0.00000000000e+00   0.00000000000e+00   0.00000000000e+00   0.00000000000e+00   0.00000000000e+00   0.00000000000e+00   0.00000000000e+00 

Function evaluation 144 (0,0). Func 1 Grad 0 Sec 0
Function
 -8.35659985239e+02 
Parameter
  1.34362835029e+00  -8.29855748749e-02   1.88302839325e+00  -1.20589997241e-01   3.28395470610e+00  -2.54922033560e-01   2.55306295235e+00  -2.20925965713e-01   0.00000000000e+00   0.00000000000e+00   0.00000000000e+00   0.00000000000e+00   0.00000000000e+00   0.00000000000e+00   0.00000000000e+00   0.00000000000e+00   0.00000000000e+00   0.00000000000e+00 

Function evaluation 145 (0,0). Func 1 Grad 0 Sec 0
Function
 -8.35658710837e+02 
Parameter
  1.34361491414e+00  -8.29755748749e-02   1.88302839325e+00  -1.20589997241e-01   3.28395470610e+00  -2.54922033560e-01   2.55306295235e+00  -2.20925965713e-01   0.00000000000e+00   0.00000000000e+00   0.00000000000e+00   0.00000000000e+00   0.00000000000e+00   0.00000000000e+00   0.00000000000e+00   0.00000000000e+00   0.00000000000e+00   0.00000000000e+00 

Function evaluation 146 (0,0). Func 1 Grad 0 Sec 0
Function
 -8.35659269628e+02 
Parameter
  1.34361491414e+00  -8.29855748749e-02   1.88302839325e+00  -1.20589997241e-01   3.28392186688e+00  -2.54902033560e-01   2.55306295235e+00  -2.20925965713e-01   0.00000000000e+00   0.00000000000e+00   0.00000000000e+00   0.00000000000e+00   0.00000000000e+00   0.00000000000e+00   0.00000000000e+00   0.00000000000e+00   0.00000000000e+00   0.00000000000e+00 

Function evaluation 147 (0,0). Func 1 Grad 0 Sec 0
Function
 -8.35660197066e+02 
Parameter
  1.34361491414e+00  -8.29855748749e-02   1.88302839325e+00  -1.20589997241e-01   3.28392186688e+00  -2.54912033560e-01   2.55308848298e+00  -2.20925965713e-01   0.00000000000e+00   0.00000000000e+00   0.00000000000e+00   0.00000000000e+00   0.00000000000e+00   0.00000000000e+00   0.00000000000e+00   0.00000000000e+00   0.00000000000e+00   0.00000000000e+00 

Function evaluation 148 (0,0). Func 1 Grad 0 Sec 0
Function
 -8.35662126488e+02 
Parameter
  1.34361491414e+00  -8.29855748749e-02   1.88302839325e+00  -1.20589997241e-01   3.28392186688e+00  -2.54912033560e-01   2.55306295235e+00  -2.20915965713e-01   0.00000000000e+00   0.00000000000e+00   0.00000000000e+00   0.00000000000e+00   0.00000000000e+00   0.00000000000e+00   0.00000000000e+00   0.00000000000e+00   0.00000000000e+00   0.00000000000e+00 

Function evaluation 149 (0,0). Func 1 Grad 0 Sec 0
Function
 -8.35659642058e+02 
Parameter
  1.34362835029e+00  -8.29855748749e-02   1.88302839325e+00  -1.20589997241e-01   3.28392186688e+00  -2.54912033560e-01   2.55306295235e+00  -2.20925965713e-01   0.00000000000e+00   0.00000000000e+00   0.00000000000e+00   0.00000000000e+00   0.00000000000e+00   0.00000000000e+00   0.00000000000e+00   0.00000000000e+00   0.00000000000e+00   0.00000000000e+00 

Function evaluation 150 (0,0). Func 1 Grad 0 Sec 0
Function
 -8.35658366668e+02 
Parameter
  1.34361491414e+00  -8.29755748749e-02   1.88302839325e+00  -1.20589997241e-01   3.28392186688e+00  -2.54912033560e-01   2.55306295235e+00  -2.20925965713e-01   0.00000000000e+00   0.00000000000e+00   0.00000000000e+00   0.00000000000e+00   0.00000000000e+00   0.00000000000e+00   0.00000000000e+00   0.00000000000e+00   0.00000000000e+00   0.00000000000e+00 

Function evaluation 151 (0,0). Func 1 Grad 0 Sec 0
Function
 -8.35661130167e+02 
Parameter
  1.34361491414e+00  -8.29855748749e-02   1.88302839325e+00  -1.20589997241e-01   3.28392186688e+00  -2.54922033560e-01   2.55311401361e+00  -2.20925965713e-01   0.00000000000e+00   0.00000000000e+00   0.00000000000e+00   0.00000000000e+00   0.00000000000e+00   0.00000000000e+00   0.00000000000e+00   0.00000000000e+00   0.00000000000e+00   0.00000000000e+00 

Function evaluation 152 (0,0). Func 1 Grad 0 Sec 0
Function
 -8.35663060851e+02 
Parameter
  1.34361491414e+00  -8.29855748749e-02   1.88302839325e+00  -1.20589997241e-01   3.28392186688e+00  -2.54922033560e-01   2.55308848298e+00  -2.20915965713e-01   0.00000000000e+00   0.00000000000e+00   0.00000000000e+00   0.00000000000e+00   0.00000000000e+00   0.00000000000e+00   0.00000000000e+00   0.00000000000e+00   0.00000000000e+00   0.00000000000e+00 

Function evaluation 153 (0,0). Func 1 Grad 0 Sec 0
Function
 -8.35660574936e+02 
Parameter
  1.34362835029e+00  -8.29855748749e-02   1.88302839325e+00  -1.20589997241e-01   3.28392186688e+00  -2.54922033560e-01   2.55308848298e+00  -2.20925965713e-01   0.00000000000e+00   0.00000000000e+00   0.00000000000e+00   0.00000000000e+00   0.00000000000e+00   0.00000000000e+00   0.00000000000e+00   0.00000000000e+00   0.00000000000e+00   0.00000000000e+00 

Function evaluation 154 (0,0). Func 1 Grad 0 Sec 0
Function
 -8.35659300728e+02 
Parameter
  1.34361491414e+00  -8.29755748749e-02   1.88302839325e+00  -1.20589997241e-01   3.28392186688e+00  -2.54922033560e-01   2.55308848298e+00  -2.20925965713e-01   0.00000000000e+00   0.00000000000e+00   0.00000000000e+00   0.00000000000e+00   0.00000000000e+00   0.00000000000e+00   0.00000000000e+00   0.00000000000e+00   0.00000000000e+00   0.00000000000e+00 

Function evaluation 155 (0,0). Func 1 Grad 0 Sec 0
Function
 -8.35664993681e+02 
Parameter
  1.34361491414e+00  -8.29855748749e-02   1.88302839325e+00  -1.20589997241e-01   3.28392186688e+00  -2.54922033560e-01   2.55306295235e+00  -2.20905965713e-01   0.00000000000e+00   0.00000000000e+00   0.00000000000e+00   0.00000000000e+00   0.00000000000e+00   0.00000000000e+00   0.00000000000e+00   0.00000000000e+00   0.00000000000e+00   0.00000000000e+00 

Function evaluation 156 (0,0). Func 1 Grad 0 Sec 0
Function
 -8.35662504940e+02 
Parameter
  1.34362835029e+00  -8.29855748749e-02   1.88302839325e+00  -1.20589997241e-01   3.28392186688e+00  -2.54922033560e-01   2.55306295235e+00  -2.20915965713e-01   0.00000000000e+00   0.00000000000e+00   0.00000000000e+00   0.00000000000e+00   0.00000000000e+00   0.00000000000e+00   0.00000000000e+00   0.00000000000e+00   0.00000000000e+00   0.00000000000e+00 

Function evaluation 157 (0,0). Func 1 Grad 0 Sec 0
Function
 -8.35661230063e+02 
Parameter
  1.34361491414e+00  -8.29755748749e-02   1.88302839325e+00  -1.20589997241e-01   3.28392186688e+00  -2.54922033560e-01   2.55306295235e+00  -2.20915965713e-01   0.00000000000e+00   0.00000000000e+00   0.00000000000e+00   0.00000000000e+00   0.00000000000e+00   0.00000000000e+00   0.00000000000e+00   0.00000000000e+00   0.00000000000e+00   0.00000000000e+00 

Function evaluation 158 (0,0). Func 1 Grad 0 Sec 0
Function
 -8.35660020003e+02 
Parameter
  1.34364178644e+00  -8.29855748749e-02   1.88302839325e+00  -1.20589997241e-01   3.28392186688e+00  -2.54922033560e-01   2.55306295235e+00  -2.20925965713e-01   0.00000000000e+00   0.00000000000e+00   0.00000000000e+00   0.00000000000e+00   0.00000000000e+00   0.00000000000e+00   0.00000000000e+00   0.00000000000e+00   0.00000000000e+00   0.00000000000e+00 

Function evaluation 159 (0,0). Func 1 Grad 0 Sec 0
Function
 -8.35658746569e+02 
Parameter
  1.34362835029e+00  -8.29755748749e-02   1.88302839325e+00  -1.20589997241e-01   3.28392186688e+00  -2.54922033560e-01   2.55306295235e+00  -2.20925965713e-01   0.00000000000e+00   0.00000000000e+00   0.00000000000e+00   0.00000000000e+00   0.00000000000e+00   0.00000000000e+00   0.00000000000e+00   0.00000000000e+00   0.00000000000e+00   0.00000000000e+00 

Function evaluation 160 (0,0). Func 1 Grad 0 Sec 0
Function
 -8.35657477963e+02 
Parameter
  1.34361491414e+00  -8.29655748749e-02   1.88302839325e+00  -1.20589997241e-01   3.28392186688e+00  -2.54922033560e-01   2.55306295235e+00  -2.20925965713e-01   0.00000000000e+00   0.00000000000e+00   0.00000000000e+00   0.00000000000e+00   0.00000000000e+00   0.00000000000e+00   0.00000000000e+00   0.00000000000e+00   0.00000000000e+00   0.00000000000e+00 
Hessian
  4.43704609743e+02   1.44320354208e+04   6.43134526855e+03   7.69496430666e+03   5.29008824001e+03   7.58589473428e+03   4.83162299167e+03   3.29298110828e+03 
  5.25062923598e+03   6.38921630980e+04   7.40671777815e+03  -5.02894356806e+03   6.05267795157e+03  -3.00124109294e+03   6.13289752713e+03  -4.60032684747e+02 
 -1.28616120086e+02  -1.45309914033e+03   3.80722520448e+02   1.29867709043e+04   4.87895488056e+03   7.03411224751e+03   4.44344849180e+03   2.91871459798e+03 
 -1.45311443383e+03  -1.69313818787e+04   4.33558982791e+03   5.09026040163e+04   5.83841716376e+03  -1.64099156416e+03   5.72125148525e+03  -1.59498290919e+03 
 -8.02177882540e+01  -9.04751694364e+02  -7.31185343122e+01  -7.82966837498e+02   2.66437336313e+02   1.08889972091e+04   3.63629871517e+03   2.14139545238e+03 
 -9.04785061822e+02  -1.05244737370e+04  -7.82984103637e+02  -8.67120547809e+03   3.01041023088e+03   3.50933453319e+04   5.34281913710e+03  -3.82544964144e+03 
 -1.43537850934e+02  -1.73544720566e+03  -1.13324664300e+02  -1.30274988603e+03  -7.11815900524e+01  -8.16027380238e+02   4.14123259712e+02   3.04499018897e+03 
 -1.73545321908e+03  -2.14893555039e+04  -1.30273987351e+03  -1.54036717959e+04  -8.15998439510e+02  -9.62437184171e+03   4.95488970110e+03   6.08455502515e+04 

Function evaluation 161 (0,0). Func 1 Grad 0 Sec 0
Function
 -1.03011115245e+03 
Parameter
  8.38645130201e+00  -5.79148953632e-01   9.33089069912e+00  -6.52532560037e-01   1.13162785360e+01  -8.51455311720e-01   1.54592333349e+01  -1.33572431554e+00   0.00000000000e+00   0.00000000000e+00   0.00000000000e+00   0.00000000000e+00   0.00000000000e+00   0.00000000000e+00   0.00000000000e+00   0.00000000000e+00   0.00000000000e+00   0.00000000000e+00 

Function evaluation 162 (0,0). Func 1 Grad 0 Sec 0
Function
 -8.30794991235e+02 
Parameter
  2.62690788282e+00  -1.73392754626e-01   3.24012215526e+00  -2.17516592292e-01   4.74751781995e+00  -3.63617865649e-01   4.90472878589e+00  -4.24056182723e-01   0.00000000000e+00   0.00000000000e+00   0.00000000000e+00   0.00000000000e+00   0.00000000000e+00   0.00000000000e+00   0.00000000000e+00   0.00000000000e+00   0.00000000000e+00   0.00000000000e+00 

Function evaluation 163 (0,0). Func 1 Grad 0 Sec 0
Function
 -8.28472573114e+02 
Parameter
  2.50003484389e+00  -1.69496545398e-01   3.06444061642e+00  -2.09472660506e-01   4.52938161644e+00  -3.50310684574e-01   4.19190270583e+00  -3.56926627397e-01   0.00000000000e+00   0.00000000000e+00   0.00000000000e+00   0.00000000000e+00   0.00000000000e+00   0.00000000000e+00   0.00000000000e+00   0.00000000000e+00   0.00000000000e+00   0.00000000000e+00 

Function evaluation 164 (0,0). Func 1 Grad 0 Sec 0
Function
 -8.28472572931e+02 
Parameter
  2.50003484389e+00  -1.69496545398e-01   3.06444071333e+00  -2.09472660506e-01   4.52938161644e+00  -3.50310684574e-01   4.19190270583e+00  -3.56926627397e-01   0.00000000000e+00   0.00000000000e+00   0.00000000000e+00   0.00000000000e+00   0.00000000000e+00   0.00000000000e+00   0.00000000000e+00   0.00000000000e+00   0.00000000000e+00   0.00000000000e+00 

Function evaluation 165 (0,0). Func 1 Grad 0 Sec 0
Function
 -8.28472572452e+02 
Parameter
  2.50003484389e+00  -1.69496545398e-01   3.06444061642e+00  -2.09472628883e-01   4.52938161644e+00  -3.50310684574e-01   4.19190270583e+00  -3.56926627397e-01   0.00000000000e+00   0.00000000000e+00   0.00000000000e+00   0.00000000000e+00   0.00000000000e+00   0.00000000000e+00   0.00000000000e+00   0.00000000000e+00   0.00000000000e+00   0.00000000000e+00 

Function evaluation 166 (0,0). Func 1 Grad 0 Sec 0
Function
 -8.28472572869e+02 
Parameter
  2.50003484389e+00  -1.69496545398e-01   3.06444061642e+00  -2.09472660506e-01   4.52938175967e+00  -3.50310684574e-01   4.19190270583e+00  -3.56926627397e-01   0.00000000000e+00   0.00000000000e+00   0.00000000000e+00   0.00000000000e+00   0.00000000000e+00   0.00000000000e+00   0.00000000000e+00   0.00000000000e+00   0.00000000000e+00   0.00000000000e+00 

Function evaluation 167 (0,0). Func 1 Grad 0 Sec 0
Function
 -8.28472572575e+02 
Parameter
  2.50003484389e+00  -1.69496545398e-01   3.06444061642e+00  -2.09472660506e-01   4.52938161644e+00  -3.50310652951e-01   4.19190270583e+00  -3.56926627397e-01   0.00000000000e+00   0.00000000000e+00   0.00000000000e+00   0.00000000000e+00   0.00000000000e+00   0.00000000000e+00   0.00000000000e+00   0.00000000000e+00   0.00000000000e+00   0.00000000000e+00 

Function evaluation 168 (0,0). Func 1 Grad 0 Sec 0
Function
 -8.28472573291e+02 
Parameter
  2.50003484389e+00  -1.69496545398e-01   3.06444061642e+00  -2.09472660506e-01   4.52938161644e+00  -3.50310684574e-01   4.19190283839e+00  -3.56926627397e-01   0.00000000000e+00   0.00000000000e+00   0.00000000000e+00   0.00000000000e+00   0.00000000000e+00   0.00000000000e+00   0.00000000000e+00   0.00000000000e+00   0.00000000000e+00   0.00000000000e+00 

Function evaluation 169 (0,0). Func 1 Grad 0 Sec 0
Function
 -8.28472573817e+02 
Parameter
  2.50003484389e+00  -1.69496545398e-01   3.06444061642e+00  -2.09472660506e-01   4.52938161644e+00  -3.50310684574e-01   4.19190270583e+00  -3.56926595774e-01   0.00000000000e+00   0.00000000000e+00   0.00000000000e+00   0.00000000000e+00   0.00000000000e+00   0.00000000000e+00   0.00000000000e+00   0.00000000000e+00   0.00000000000e+00   0.00000000000e+00 

Function evaluation 170 (0,0). Func 1 Grad 0 Sec 0
Function
 -8.28472572986e+02 
Parameter
  2.50003492295e+00  -1.69496545398e-01   3.06444061642e+00  -2.09472660506e-01   4.52938161644e+00  -3.50310684574e-01   4.19190270583e+00  -3.56926627397e-01   0.00000000000e+00   0.00000000000e+00   0.00000000000e+00   0.00000000000e+00   0.00000000000e+00   0.00000000000e+00   0.00000000000e+00   0.00000000000e+00   0.00000000000e+00   0.00000000000e+00 

Function evaluation 171 (0,0). Func 1 Grad 0 Sec 0
Function
 -8.28472572526e+02 
Parameter
  2.50003484389e+00  -1.69496513775e-01   3.06444061642e+00  -2.09472660506e-01   4.52938161644e+00  -3.50310684574e-01   4.19190270583e+00  -3.56926627397e-01   0.00000000000e+00   0.00000000000e+00   0.00000000000e+00   0.00000000000e+00   0.00000000000e+00   0.00000000000e+00   0.00000000000e+00   0.00000000000e+00   0.00000000000e+00   0.00000000000e+00 

Scaled gradient
  2.68058001696e-02 
Scaled parameter change
  4.62561524923e-01 

ITER      Function Value     Norm of Gradient  Par Change   FCall
    3   8.2847257311429e+02  2.6805800170e-02  4.6256e-01     171 (0,0)

Parameter
  1.88302839325e+00  -1.20589997241e-01   3.28392186688e+00  -2.54922033560e-01   2.55306295235e+00  -2.20925965713e-01   1.34361491414e+00  -8.29855748749e-02 
Gradient
 -1.89264544900e+00  -2.09343299490e+01  -1.71346339524e+00  -1.70589665852e+01   1.33168714798e+00   2.22078702409e+01  -1.62860641329e+00  -1.85963435968e+01 

Function evaluation 172 (0,0). Func 1 Grad 0 Sec 0
Function
 -8.28472515322e+02 
Parameter
  2.50003484389e+00  -1.69496545398e-01   3.06447126083e+00  -2.09472660506e-01   4.52938161644e+00  -3.50310684574e-01   4.19190270583e+00  -3.56926627397e-01   0.00000000000e+00   0.00000000000e+00   0.00000000000e+00   0.00000000000e+00   0.00000000000e+00   0.00000000000e+00   0.00000000000e+00   0.00000000000e+00   0.00000000000e+00   0.00000000000e+00 

Function evaluation 173 (0,0). Func 1 Grad 0 Sec 0
Function
 -8.28472366942e+02 
Parameter
  2.50003484389e+00  -1.69496545398e-01   3.06444061642e+00  -2.09462660506e-01   4.52938161644e+00  -3.50310684574e-01   4.19190270583e+00  -3.56926627397e-01   0.00000000000e+00   0.00000000000e+00   0.00000000000e+00   0.00000000000e+00   0.00000000000e+00   0.00000000000e+00   0.00000000000e+00   0.00000000000e+00   0.00000000000e+00   0.00000000000e+00 

Function evaluation 174 (0,0). Func 1 Grad 0 Sec 0
Function
 -8.28472495891e+02 
Parameter
  2.50003484389e+00  -1.69496545398e-01   3.06444061642e+00  -2.09472660506e-01   4.52942691025e+00  -3.50310684574e-01   4.19190270583e+00  -3.56926627397e-01   0.00000000000e+00   0.00000000000e+00   0.00000000000e+00   0.00000000000e+00   0.00000000000e+00   0.00000000000e+00   0.00000000000e+00   0.00000000000e+00   0.00000000000e+00   0.00000000000e+00 

Function evaluation 175 (0,0). Func 1 Grad 0 Sec 0
Function
 -8.28472405033e+02 
Parameter
  2.50003484389e+00  -1.69496545398e-01   3.06444061642e+00  -2.09472660506e-01   4.52938161644e+00  -3.50300684574e-01   4.19190270583e+00  -3.56926627397e-01   0.00000000000e+00   0.00000000000e+00   0.00000000000e+00   0.00000000000e+00   0.00000000000e+00   0.00000000000e+00   0.00000000000e+00   0.00000000000e+00   0.00000000000e+00   0.00000000000e+00 

Function evaluation 176 (0,0). Func 1 Grad 0 Sec 0
Function
 -8.28472629153e+02 
Parameter
  2.50003484389e+00  -1.69496545398e-01   3.06444061642e+00  -2.09472660506e-01   4.52938161644e+00  -3.50310684574e-01   4.19194462485e+00  -3.56926627397e-01   0.00000000000e+00   0.00000000000e+00   0.00000000000e+00   0.00000000000e+00   0.00000000000e+00   0.00000000000e+00   0.00000000000e+00   0.00000000000e+00   0.00000000000e+00   0.00000000000e+00 

Function evaluation 177 (0,0). Func 1 Grad 0 Sec 0
Function
 -8.28472796744e+02 
Parameter
  2.50003484389e+00  -1.69496545398e-01   3.06444061642e+00  -2.09472660506e-01   4.52938161644e+00  -3.50310684574e-01   4.19190270583e+00  -3.56916627397e-01   0.00000000000e+00   0.00000000000e+00   0.00000000000e+00   0.00000000000e+00   0.00000000000e+00   0.00000000000e+00   0.00000000000e+00   0.00000000000e+00   0.00000000000e+00   0.00000000000e+00 

Function evaluation 178 (0,0). Func 1 Grad 0 Sec 0
Function
 -8.28472532528e+02 
Parameter
  2.50005984424e+00  -1.69496545398e-01   3.06444061642e+00  -2.09472660506e-01   4.52938161644e+00  -3.50310684574e-01   4.19190270583e+00  -3.56926627397e-01   0.00000000000e+00   0.00000000000e+00   0.00000000000e+00   0.00000000000e+00   0.00000000000e+00   0.00000000000e+00   0.00000000000e+00   0.00000000000e+00   0.00000000000e+00   0.00000000000e+00 

Function evaluation 179 (0,0). Func 1 Grad 0 Sec 0
Function
 -8.28472390181e+02 
Parameter
  2.50003484389e+00  -1.69486545398e-01   3.06444061642e+00  -2.09472660506e-01   4.52938161644e+00  -3.50310684574e-01   4.19190270583e+00  -3.56926627397e-01   0.00000000000e+00   0.00000000000e+00   0.00000000000e+00   0.00000000000e+00   0.00000000000e+00   0.00000000000e+00   0.00000000000e+00   0.00000000000e+00   0.00000000000e+00   0.00000000000e+00 

Function evaluation 180 (0,0). Func 1 Grad 0 Sec 0
Function
 -8.28472457946e+02 
Parameter
  2.50003484389e+00  -1.69496545398e-01   3.06450190524e+00  -2.09472660506e-01   4.52938161644e+00  -3.50310684574e-01   4.19190270583e+00  -3.56926627397e-01   0.00000000000e+00   0.00000000000e+00   0.00000000000e+00   0.00000000000e+00   0.00000000000e+00   0.00000000000e+00   0.00000000000e+00   0.00000000000e+00   0.00000000000e+00   0.00000000000e+00 

Function evaluation 181 (0,0). Func 1 Grad 0 Sec 0
Function
 -8.28472310753e+02 
Parameter
  2.50003484389e+00  -1.69496545398e-01   3.06447126083e+00  -2.09462660506e-01   4.52938161644e+00  -3.50310684574e-01   4.19190270583e+00  -3.56926627397e-01   0.00000000000e+00   0.00000000000e+00   0.00000000000e+00   0.00000000000e+00   0.00000000000e+00   0.00000000000e+00   0.00000000000e+00   0.00000000000e+00   0.00000000000e+00   0.00000000000e+00 

Function evaluation 182 (0,0). Func 1 Grad 0 Sec 0
Function
 -8.28472437916e+02 
Parameter
  2.50003484389e+00  -1.69496545398e-01   3.06447126083e+00  -2.09472660506e-01   4.52942691025e+00  -3.50310684574e-01   4.19190270583e+00  -3.56926627397e-01   0.00000000000e+00   0.00000000000e+00   0.00000000000e+00   0.00000000000e+00   0.00000000000e+00   0.00000000000e+00   0.00000000000e+00   0.00000000000e+00   0.00000000000e+00   0.00000000000e+00 

Function evaluation 183 (0,0). Func 1 Grad 0 Sec 0
Function
 -8.28472346785e+02 
Parameter
  2.50003484389e+00  -1.69496545398e-01   3.06447126083e+00  -2.09472660506e-01   4.52938161644e+00  -3.50300684574e-01   4.19190270583e+00  -3.56926627397e-01   0.00000000000e+00   0.00000000000e+00   0.00000000000e+00   0.00000000000e+00   0.00000000000e+00   0.00000000000e+00   0.00000000000e+00   0.00000000000e+00   0.00000000000e+00   0.00000000000e+00 

Function evaluation 184 (0,0). Func 1 Grad 0 Sec 0
Function
 -8.28472571263e+02 
Parameter
  2.50003484389e+00  -1.69496545398e-01   3.06447126083e+00  -2.09472660506e-01   4.52938161644e+00  -3.50310684574e-01   4.19194462485e+00  -3.56926627397e-01   0.00000000000e+00   0.00000000000e+00   0.00000000000e+00   0.00000000000e+00   0.00000000000e+00   0.00000000000e+00   0.00000000000e+00   0.00000000000e+00   0.00000000000e+00   0.00000000000e+00 

Function evaluation 185 (0,0). Func 1 Grad 0 Sec 0
Function
 -8.28472738696e+02 
Parameter
  2.50003484389e+00  -1.69496545398e-01   3.06447126083e+00  -2.09472660506e-01   4.52938161644e+00  -3.50310684574e-01   4.19190270583e+00  -3.56916627397e-01   0.00000000000e+00   0.00000000000e+00   0.00000000000e+00   0.00000000000e+00   0.00000000000e+00   0.00000000000e+00   0.00000000000e+00   0.00000000000e+00   0.00000000000e+00   0.00000000000e+00 

Function evaluation 186 (0,0). Func 1 Grad 0 Sec 0
Function
 -8.28472474622e+02 
Parameter
  2.50005984424e+00  -1.69496545398e-01   3.06447126083e+00  -2.09472660506e-01   4.52938161644e+00  -3.50310684574e-01   4.19190270583e+00  -3.56926627397e-01   0.00000000000e+00   0.00000000000e+00   0.00000000000e+00   0.00000000000e+00   0.00000000000e+00   0.00000000000e+00   0.00000000000e+00   0.00000000000e+00   0.00000000000e+00   0.00000000000e+00 

Function evaluation 187 (0,0). Func 1 Grad 0 Sec 0
Function
 -8.28472331839e+02 
Parameter
  2.50003484389e+00  -1.69486545398e-01   3.06447126083e+00  -2.09472660506e-01   4.52938161644e+00  -3.50310684574e-01   4.19190270583e+00  -3.56926627397e-01   0.00000000000e+00   0.00000000000e+00   0.00000000000e+00   0.00000000000e+00   0.00000000000e+00   0.00000000000e+00   0.00000000000e+00   0.00000000000e+00   0.00000000000e+00   0.00000000000e+00 

Function evaluation 188 (0,0). Func 1 Grad 0 Sec 0
Function
 -8.28472167132e+02 
Parameter
  2.50003484389e+00  -1.69496545398e-01   3.06444061642e+00  -2.09452660506e-01   4.52938161644e+00  -3.50310684574e-01   4.19190270583e+00  -3.56926627397e-01   0.00000000000e+00   0.00000000000e+00   0.00000000000e+00   0.00000000000e+00   0.00000000000e+00   0.00000000000e+00   0.00000000000e+00   0.00000000000e+00   0.00000000000e+00   0.00000000000e+00 

Function evaluation 189 (0,0). Func 1 Grad 0 Sec 0
Function
 -8.28472289045e+02 
Parameter
  2.50003484389e+00  -1.69496545398e-01   3.06444061642e+00  -2.09462660506e-01   4.52942691025e+00  -3.50310684574e-01   4.19190270583e+00  -3.56926627397e-01   0.00000000000e+00   0.00000000000e+00   0.00000000000e+00   0.00000000000e+00   0.00000000000e+00   0.00000000000e+00   0.00000000000e+00   0.00000000000e+00   0.00000000000e+00   0.00000000000e+00 

Function evaluation 190 (0,0). Func 1 Grad 0 Sec 0
Function
 -8.28472197133e+02 
Parameter
  2.50003484389e+00  -1.69496545398e-01   3.06444061642e+00  -2.09462660506e-01   4.52938161644e+00  -3.50300684574e-01   4.19190270583e+00  -3.56926627397e-01   0.00000000000e+00   0.00000000000e+00   0.00000000000e+00   0.00000000000e+00   0.00000000000e+00   0.00000000000e+00   0.00000000000e+00   0.00000000000e+00   0.00000000000e+00   0.00000000000e+00 

Function evaluation 191 (0,0). Func 1 Grad 0 Sec 0
Function
 -8.28472422630e+02 
Parameter
  2.50003484389e+00  -1.69496545398e-01   3.06444061642e+00  -2.09462660506e-01   4.52938161644e+00  -3.50310684574e-01   4.19194462485e+00  -3.56926627397e-01   0.00000000000e+00   0.00000000000e+00   0.00000000000e+00   0.00000000000e+00   0.00000000000e+00   0.00000000000e+00   0.00000000000e+00   0.00000000000e+00   0.00000000000e+00   0.00000000000e+00 

Function evaluation 192 (0,0). Func 1 Grad 0 Sec 0
Function
 -8.28472589621e+02 
Parameter
  2.50003484389e+00  -1.69496545398e-01   3.06444061642e+00  -2.09462660506e-01   4.52938161644e+00  -3.50310684574e-01   4.19190270583e+00  -3.56916627397e-01   0.00000000000e+00   0.00000000000e+00   0.00000000000e+00   0.00000000000e+00   0.00000000000e+00   0.00000000000e+00   0.00000000000e+00   0.00000000000e+00   0.00000000000e+00   0.00000000000e+00 

Function evaluation 193 (0,0). Func 1 Grad 0 Sec 0
Function
 -8.28472325907e+02 
Parameter
  2.50005984424e+00  -1.69496545398e-01   3.06444061642e+00  -2.09462660506e-01   4.52938161644e+00  -3.50310684574e-01   4.19190270583e+00  -3.56926627397e-01   0.00000000000e+00   0.00000000000e+00   0.00000000000e+00   0.00000000000e+00   0.00000000000e+00   0.00000000000e+00   0.00000000000e+00   0.00000000000e+00   0.00000000000e+00   0.00000000000e+00 

Function evaluation 194 (0,0). Func 1 Grad 0 Sec 0
Function
 -8.28472181791e+02 
Parameter
  2.50003484389e+00  -1.69486545398e-01   3.06444061642e+00  -2.09462660506e-01   4.52938161644e+00  -3.50310684574e-01   4.19190270583e+00  -3.56926627397e-01   0.00000000000e+00   0.00000000000e+00   0.00000000000e+00   0.00000000000e+00   0.00000000000e+00   0.00000000000e+00   0.00000000000e+00   0.00000000000e+00   0.00000000000e+00   0.00000000000e+00 

Function evaluation 195 (0,0). Func 1 Grad 0 Sec 0
Function
 -8.28472419443e+02 
Parameter
  2.50003484389e+00  -1.69496545398e-01   3.06444061642e+00  -2.09472660506e-01   4.52947220407e+00  -3.50310684574e-01   4.19190270583e+00  -3.56926627397e-01   0.00000000000e+00   0.00000000000e+00   0.00000000000e+00   0.00000000000e+00   0.00000000000e+00   0.00000000000e+00   0.00000000000e+00   0.00000000000e+00   0.00000000000e+00   0.00000000000e+00 

Function evaluation 196 (0,0). Func 1 Grad 0 Sec 0
Function
 -8.28472329755e+02 
Parameter
  2.50003484389e+00  -1.69496545398e-01   3.06444061642e+00  -2.09472660506e-01   4.52942691025e+00  -3.50300684574e-01   4.19190270583e+00  -3.56926627397e-01   0.00000000000e+00   0.00000000000e+00   0.00000000000e+00   0.00000000000e+00   0.00000000000e+00   0.00000000000e+00   0.00000000000e+00   0.00000000000e+00   0.00000000000e+00   0.00000000000e+00 

Function evaluation 197 (0,0). Func 1 Grad 0 Sec 0
Function
 -8.28472551794e+02 
Parameter
  2.50003484389e+00  -1.69496545398e-01   3.06444061642e+00  -2.09472660506e-01   4.52942691025e+00  -3.50310684574e-01   4.19194462485e+00  -3.56926627397e-01   0.00000000000e+00   0.00000000000e+00   0.00000000000e+00   0.00000000000e+00   0.00000000000e+00   0.00000000000e+00   0.00000000000e+00   0.00000000000e+00   0.00000000000e+00   0.00000000000e+00 

Function evaluation 198 (0,0). Func 1 Grad 0 Sec 0
Function
 -8.28472719181e+02 
Parameter
  2.50003484389e+00  -1.69496545398e-01   3.06444061642e+00  -2.09472660506e-01   4.52942691025e+00  -3.50310684574e-01   4.19190270583e+00  -3.56916627397e-01   0.00000000000e+00   0.00000000000e+00   0.00000000000e+00   0.00000000000e+00   0.00000000000e+00   0.00000000000e+00   0.00000000000e+00   0.00000000000e+00   0.00000000000e+00   0.00000000000e+00 

Function evaluation 199 (0,0). Func 1 Grad 0 Sec 0
Function
 -8.28472455173e+02 
Parameter
  2.50005984424e+00  -1.69496545398e-01   3.06444061642e+00  -2.09472660506e-01   4.52942691025e+00  -3.50310684574e-01   4.19190270583e+00  -3.56926627397e-01   0.00000000000e+00   0.00000000000e+00   0.00000000000e+00   0.00000000000e+00   0.00000000000e+00   0.00000000000e+00   0.00000000000e+00   0.00000000000e+00   0.00000000000e+00   0.00000000000e+00 

Function evaluation 200 (0,0). Func 1 Grad 0 Sec 0
Function
 -8.28472312353e+02 
Parameter
  2.50003484389e+00  -1.69486545398e-01   3.06444061642e+00  -2.09472660506e-01   4.52942691025e+00  -3.50310684574e-01   4.19190270583e+00  -3.56926627397e-01   0.00000000000e+00   0.00000000000e+00   0.00000000000e+00   0.00000000000e+00   0.00000000000e+00   0.00000000000e+00   0.00000000000e+00   0.00000000000e+00   0.00000000000e+00   0.00000000000e+00 

Function evaluation 201 (0,0). Func 1 Grad 0 Sec 0
Function
 -8.28472241985e+02 
Parameter
  2.50003484389e+00  -1.69496545398e-01   3.06444061642e+00  -2.09472660506e-01   4.52938161644e+00  -3.50290684574e-01   4.19190270583e+00  -3.56926627397e-01   0.00000000000e+00   0.00000000000e+00   0.00000000000e+00   0.00000000000e+00   0.00000000000e+00   0.00000000000e+00   0.00000000000e+00   0.00000000000e+00   0.00000000000e+00   0.00000000000e+00 

Function evaluation 202 (0,0). Func 1 Grad 0 Sec 0
Function
 -8.28472460757e+02 
Parameter
  2.50003484389e+00  -1.69496545398e-01   3.06444061642e+00  -2.09472660506e-01   4.52938161644e+00  -3.50300684574e-01   4.19194462485e+00  -3.56926627397e-01   0.00000000000e+00   0.00000000000e+00   0.00000000000e+00   0.00000000000e+00   0.00000000000e+00   0.00000000000e+00   0.00000000000e+00   0.00000000000e+00   0.00000000000e+00   0.00000000000e+00 

Function evaluation 203 (0,0). Func 1 Grad 0 Sec 0
Function
 -8.28472627848e+02 
Parameter
  2.50003484389e+00  -1.69496545398e-01   3.06444061642e+00  -2.09472660506e-01   4.52938161644e+00  -3.50300684574e-01   4.19190270583e+00  -3.56916627397e-01   0.00000000000e+00   0.00000000000e+00   0.00000000000e+00   0.00000000000e+00   0.00000000000e+00   0.00000000000e+00   0.00000000000e+00   0.00000000000e+00   0.00000000000e+00   0.00000000000e+00 

Function evaluation 204 (0,0). Func 1 Grad 0 Sec 0
Function
 -8.28472364113e+02 
Parameter
  2.50005984424e+00  -1.69496545398e-01   3.06444061642e+00  -2.09472660506e-01   4.52938161644e+00  -3.50300684574e-01   4.19190270583e+00  -3.56926627397e-01   0.00000000000e+00   0.00000000000e+00   0.00000000000e+00   0.00000000000e+00   0.00000000000e+00   0.00000000000e+00   0.00000000000e+00   0.00000000000e+00   0.00000000000e+00   0.00000000000e+00 

Function evaluation 205 (0,0). Func 1 Grad 0 Sec 0
Function
 -8.28472220525e+02 
Parameter
  2.50003484389e+00  -1.69486545398e-01   3.06444061642e+00  -2.09472660506e-01   4.52938161644e+00  -3.50300684574e-01   4.19190270583e+00  -3.56926627397e-01   0.00000000000e+00   0.00000000000e+00   0.00000000000e+00   0.00000000000e+00   0.00000000000e+00   0.00000000000e+00   0.00000000000e+00   0.00000000000e+00   0.00000000000e+00   0.00000000000e+00 

Function evaluation 206 (0,0). Func 1 Grad 0 Sec 0
Function
 -8.28472685623e+02 
Parameter
  2.50003484389e+00  -1.69496545398e-01   3.06444061642e+00  -2.09472660506e-01   4.52938161644e+00  -3.50310684574e-01   4.19198654388e+00  -3.56926627397e-01   0.00000000000e+00   0.00000000000e+00   0.00000000000e+00   0.00000000000e+00   0.00000000000e+00   0.00000000000e+00   0.00000000000e+00   0.00000000000e+00   0.00000000000e+00   0.00000000000e+00 

Function evaluation 207 (0,0). Func 1 Grad 0 Sec 0
Function
 -8.28472853923e+02 
Parameter
  2.50003484389e+00  -1.69496545398e-01   3.06444061642e+00  -2.09472660506e-01   4.52938161644e+00  -3.50310684574e-01   4.19194462485e+00  -3.56916627397e-01   0.00000000000e+00   0.00000000000e+00   0.00000000000e+00   0.00000000000e+00   0.00000000000e+00   0.00000000000e+00   0.00000000000e+00   0.00000000000e+00   0.00000000000e+00   0.00000000000e+00 

Function evaluation 208 (0,0). Func 1 Grad 0 Sec 0
Function
 -8.28472588496e+02 
Parameter
  2.50005984424e+00  -1.69496545398e-01   3.06444061642e+00  -2.09472660506e-01   4.52938161644e+00  -3.50310684574e-01   4.19194462485e+00  -3.56926627397e-01   0.00000000000e+00   0.00000000000e+00   0.00000000000e+00   0.00000000000e+00   0.00000000000e+00   0.00000000000e+00   0.00000000000e+00   0.00000000000e+00   0.00000000000e+00   0.00000000000e+00 

Function evaluation 209 (0,0). Func 1 Grad 0 Sec 0
Function
 -8.28472445906e+02 
Parameter
  2.50003484389e+00  -1.69486545398e-01   3.06444061642e+00  -2.09472660506e-01   4.52938161644e+00  -3.50310684574e-01   4.19194462485e+00  -3.56926627397e-01   0.00000000000e+00   0.00000000000e+00   0.00000000000e+00   0.00000000000e+00   0.00000000000e+00   0.00000000000e+00   0.00000000000e+00   0.00000000000e+00   0.00000000000e+00   0.00000000000e+00 

Function evaluation 210 (0,0). Func 1 Grad 0 Sec 0
Function
 -8.28473023485e+02 
Parameter
  2.50003484389e+00  -1.69496545398e-01   3.06444061642e+00  -2.09472660506e-01   4.52938161644e+00  -3.50310684574e-01   4.19190270583e+00  -3.56906627397e-01   0.00000000000e+00   0.00000000000e+00   0.00000000000e+00   0.00000000000e+00   0.00000000000e+00   0.00000000000e+00   0.00000000000e+00   0.00000000000e+00   0.00000000000e+00   0.00000000000e+00 

Function evaluation 211 (0,0). Func 1 Grad 0 Sec 0
Function
 -8.28472755970e+02 
Parameter
  2.50005984424e+00  -1.69496545398e-01   3.06444061642e+00  -2.09472660506e-01   4.52938161644e+00  -3.50310684574e-01   4.19190270583e+00  -3.56916627397e-01   0.00000000000e+00   0.00000000000e+00   0.00000000000e+00   0.00000000000e+00   0.00000000000e+00   0.00000000000e+00   0.00000000000e+00   0.00000000000e+00   0.00000000000e+00   0.00000000000e+00 

Function evaluation 212 (0,0). Func 1 Grad 0 Sec 0
Function
 -8.28472612947e+02 
Parameter
  2.50003484389e+00  -1.69486545398e-01   3.06444061642e+00  -2.09472660506e-01   4.52938161644e+00  -3.50310684574e-01   4.19190270583e+00  -3.56916627397e-01   0.00000000000e+00   0.00000000000e+00   0.00000000000e+00   0.00000000000e+00   0.00000000000e+00   0.00000000000e+00   0.00000000000e+00   0.00000000000e+00   0.00000000000e+00   0.00000000000e+00 

Function evaluation 213 (0,0). Func 1 Grad 0 Sec 0
Function
 -8.28472492200e+02 
Parameter
  2.50008484459e+00  -1.69496545398e-01   3.06444061642e+00  -2.09472660506e-01   4.52938161644e+00  -3.50310684574e-01   4.19190270583e+00  -3.56926627397e-01   0.00000000000e+00   0.00000000000e+00   0.00000000000e+00   0.00000000000e+00   0.00000000000e+00   0.00000000000e+00   0.00000000000e+00   0.00000000000e+00   0.00000000000e+00   0.00000000000e+00 

Function evaluation 214 (0,0). Func 1 Grad 0 Sec 0
Function
 -8.28472350832e+02 
Parameter
  2.50005984424e+00  -1.69486545398e-01   3.06444061642e+00  -2.09472660506e-01   4.52938161644e+00  -3.50310684574e-01   4.19190270583e+00  -3.56926627397e-01   0.00000000000e+00   0.00000000000e+00   0.00000000000e+00   0.00000000000e+00   0.00000000000e+00   0.00000000000e+00   0.00000000000e+00   0.00000000000e+00   0.00000000000e+00   0.00000000000e+00 

Function evaluation 215 (0,0). Func 1 Grad 0 Sec 0
Function
 -8.28472213326e+02 
Parameter
  2.50003484389e+00  -1.69476545398e-01   3.06444061642e+00  -2.09472660506e-01   4.52938161644e+00  -3.50310684574e-01   4.19190270583e+00  -3.56926627397e-01   0.00000000000e+00   0.00000000000e+00   0.00000000000e+00   0.00000000000e+00   0.00000000000e+00   0.00000000000e+00   0.00000000000e+00   0.00000000000e+00   0.00000000000e+00   0.00000000000e+00 
Hessian
  4.42351026008e+02  -3.71703089070e+03   1.40495681290e+04  -8.56850731392e+03   1.10273925845e+04  -5.53476252604e+03   7.77610385162e+03   6.66850730361e+01 
  5.23204199905e+03   6.36232641682e+04  -1.71438358710e+04  -1.53147188512e+04  -1.31084741370e+04  -9.22085170903e+03  -8.28796148289e+03   2.43474564066e+02 
 -1.31912980836e+02  -1.48720025067e+03   3.77757396256e+02  -8.17199035282e+03   2.02300925792e+04  -8.94187856960e+03   1.41900127213e+04   8.54065698609e+01 
 -1.48721514577e+03  -1.72809450305e+04   4.29509481662e+03   5.03326396029e+04  -1.05181592664e+04  -7.32161840562e+03  -6.70570855524e+03  -7.77465526801e+00 
 -7.57172270992e+01  -8.35390381041e+02  -7.15253594653e+01  -7.50633140671e+02   2.45737966126e+02  -3.34252851664e+03   1.11092674516e+04   4.29883719876e+01 
 -8.35418753937e+02  -9.50569528868e+03  -7.50648667605e+02  -8.14219674794e+03   2.72261073828e+03   3.11177905132e+04  -4.40311837036e+03  -2.53450978433e+02 
 -1.48540628432e+02  -1.79382414948e+03  -1.16415336414e+02  -1.33555616527e+03  -6.66158975538e+01  -7.47660162668e+02   4.14139237322e+02   4.18951572789e+01 
 -1.79383165069e+03  -2.21776826947e+04  -1.33554489755e+03  -1.57492002018e+04  -7.47637943683e+02  -8.63134573592e+03   4.95347429975e+03   6.07925699114e+04 

Function evaluation 216 (0,0). Func 1 Grad 0 Sec 0
Function
 -8.28232465032e+02 
Parameter
  2.78614996146e+00  -1.90512334407e-01   3.35600725441e+00  -2.30930462091e-01   4.83419244022e+00  -3.72953872526e-01   4.55270377700e+00  -3.85461974234e-01   0.00000000000e+00   0.00000000000e+00   0.00000000000e+00   0.00000000000e+00   0.00000000000e+00   0.00000000000e+00   0.00000000000e+00   0.00000000000e+00   0.00000000000e+00   0.00000000000e+00 

Function evaluation 217 (0,0). Func 1 Grad 0 Sec 0
Function
 -8.28232465024e+02 
Parameter
  2.78614996146e+00  -1.90512334407e-01   3.35600736053e+00  -2.30930462091e-01   4.83419244022e+00  -3.72953872526e-01   4.55270377700e+00  -3.85461974234e-01   0.00000000000e+00   0.00000000000e+00   0.00000000000e+00   0.00000000000e+00   0.00000000000e+00   0.00000000000e+00   0.00000000000e+00   0.00000000000e+00   0.00000000000e+00   0.00000000000e+00 

Function evaluation 218 (0,0). Func 1 Grad 0 Sec 0
Function
 -8.28232465006e+02 
Parameter
  2.78614996146e+00  -1.90512334407e-01   3.35600725441e+00  -2.30930430468e-01   4.83419244022e+00  -3.72953872526e-01   4.55270377700e+00  -3.85461974234e-01   0.00000000000e+00   0.00000000000e+00   0.00000000000e+00   0.00000000000e+00   0.00000000000e+00   0.00000000000e+00   0.00000000000e+00   0.00000000000e+00   0.00000000000e+00   0.00000000000e+00 

Function evaluation 219 (0,0). Func 1 Grad 0 Sec 0
Function
 -8.28232465021e+02 
Parameter
  2.78614996146e+00  -1.90512334407e-01   3.35600725441e+00  -2.30930462091e-01   4.83419259309e+00  -3.72953872526e-01   4.55270377700e+00  -3.85461974234e-01   0.00000000000e+00   0.00000000000e+00   0.00000000000e+00   0.00000000000e+00   0.00000000000e+00   0.00000000000e+00   0.00000000000e+00   0.00000000000e+00   0.00000000000e+00   0.00000000000e+00 

Function evaluation 220 (0,0). Func 1 Grad 0 Sec 0
Function
 -8.28232465009e+02 
Parameter
  2.78614996146e+00  -1.90512334407e-01   3.35600725441e+00  -2.30930462091e-01   4.83419244022e+00  -3.72953840903e-01   4.55270377700e+00  -3.85461974234e-01   0.00000000000e+00   0.00000000000e+00   0.00000000000e+00   0.00000000000e+00   0.00000000000e+00   0.00000000000e+00   0.00000000000e+00   0.00000000000e+00   0.00000000000e+00   0.00000000000e+00 

Function evaluation 221 (0,0). Func 1 Grad 0 Sec 0
Function
 -8.28232465032e+02 
Parameter
  2.78614996146e+00  -1.90512334407e-01   3.35600725441e+00  -2.30930462091e-01   4.83419244022e+00  -3.72953872526e-01   4.55270392097e+00  -3.85461974234e-01   0.00000000000e+00   0.00000000000e+00   0.00000000000e+00   0.00000000000e+00   0.00000000000e+00   0.00000000000e+00   0.00000000000e+00   0.00000000000e+00   0.00000000000e+00   0.00000000000e+00 

Function evaluation 222 (0,0). Func 1 Grad 0 Sec 0
Function
 -8.28232465037e+02 
Parameter
  2.78614996146e+00  -1.90512334407e-01   3.35600725441e+00  -2.30930462091e-01   4.83419244022e+00  -3.72953872526e-01   4.55270377700e+00  -3.85461942611e-01   0.00000000000e+00   0.00000000000e+00   0.00000000000e+00   0.00000000000e+00   0.00000000000e+00   0.00000000000e+00   0.00000000000e+00   0.00000000000e+00   0.00000000000e+00   0.00000000000e+00 

Function evaluation 223 (0,0). Func 1 Grad 0 Sec 0
Function
 -8.28232465026e+02 
Parameter
  2.78615004956e+00  -1.90512334407e-01   3.35600725441e+00  -2.30930462091e-01   4.83419244022e+00  -3.72953872526e-01   4.55270377700e+00  -3.85461974234e-01   0.00000000000e+00   0.00000000000e+00   0.00000000000e+00   0.00000000000e+00   0.00000000000e+00   0.00000000000e+00   0.00000000000e+00   0.00000000000e+00   0.00000000000e+00   0.00000000000e+00 

Function evaluation 224 (0,0). Func 1 Grad 0 Sec 0
Function
 -8.28232465009e+02 
Parameter
  2.78614996146e+00  -1.90512302784e-01   3.35600725441e+00  -2.30930462091e-01   4.83419244022e+00  -3.72953872526e-01   4.55270377700e+00  -3.85461974234e-01   0.00000000000e+00   0.00000000000e+00   0.00000000000e+00   0.00000000000e+00   0.00000000000e+00   0.00000000000e+00   0.00000000000e+00   0.00000000000e+00   0.00000000000e+00   0.00000000000e+00 

Scaled gradient
  9.98704036511e-04 
Scaled parameter change
  1.02691930272e-01 

ITER      Function Value     Norm of Gradient  Par Change   FCall
    4   8.2823246503189e+02  9.9870403651e-04  1.0269e-01     224 (0,0)

Parameter
  3.06444061642e+00  -2.09472660506e-01   4.52938161644e+00  -3.50310684574e-01   4.19190270583e+00  -3.56926627397e-01   2.50003484389e+00  -1.69496545398e-01 
Gradient
 -7.75482267438e-02  -8.27159105997e-01  -7.22693599241e-02  -7.14898717246e-01  -5.27493673388e-04   1.73509996231e-01  -6.65572632254e-02  -7.24573113778e-01 

Function evaluation 225 (0,0). Func 1 Grad 0 Sec 0
Function
 -8.28232462678e+02 
Parameter
  2.78614996146e+00  -1.90512334407e-01   3.35604081448e+00  -2.30930462091e-01   4.83419244022e+00  -3.72953872526e-01   4.55270377700e+00  -3.85461974234e-01   0.00000000000e+00   0.00000000000e+00   0.00000000000e+00   0.00000000000e+00   0.00000000000e+00   0.00000000000e+00   0.00000000000e+00   0.00000000000e+00   0.00000000000e+00   0.00000000000e+00 

Function evaluation 226 (0,0). Func 1 Grad 0 Sec 0
Function
 -8.28232459929e+02 
Parameter
  2.78614996146e+00  -1.90512334407e-01   3.35600725441e+00  -2.30920462091e-01   4.83419244022e+00  -3.72953872526e-01   4.55270377700e+00  -3.85461974234e-01   0.00000000000e+00   0.00000000000e+00   0.00000000000e+00   0.00000000000e+00   0.00000000000e+00   0.00000000000e+00   0.00000000000e+00   0.00000000000e+00   0.00000000000e+00   0.00000000000e+00 

Function evaluation 227 (0,0). Func 1 Grad 0 Sec 0
Function
 -8.28232461978e+02 
Parameter
  2.78614996146e+00  -1.90512334407e-01   3.35600725441e+00  -2.30930462091e-01   4.83424078215e+00  -3.72953872526e-01   4.55270377700e+00  -3.85461974234e-01   0.00000000000e+00   0.00000000000e+00   0.00000000000e+00   0.00000000000e+00   0.00000000000e+00   0.00000000000e+00   0.00000000000e+00   0.00000000000e+00   0.00000000000e+00   0.00000000000e+00 

Function evaluation 228 (0,0). Func 1 Grad 0 Sec 0
Function
 -8.28232460388e+02 
Parameter
  2.78614996146e+00  -1.90512334407e-01   3.35600725441e+00  -2.30930462091e-01   4.83419244022e+00  -3.72943872526e-01   4.55270377700e+00  -3.85461974234e-01   0.00000000000e+00   0.00000000000e+00   0.00000000000e+00   0.00000000000e+00   0.00000000000e+00   0.00000000000e+00   0.00000000000e+00   0.00000000000e+00   0.00000000000e+00   0.00000000000e+00 

Function evaluation 229 (0,0). Func 1 Grad 0 Sec 0
Function
 -8.28232465259e+02 
Parameter
  2.78614996146e+00  -1.90512334407e-01   3.35600725441e+00  -2.30930462091e-01   4.83419244022e+00  -3.72953872526e-01   4.55274930404e+00  -3.85461974234e-01   0.00000000000e+00   0.00000000000e+00   0.00000000000e+00   0.00000000000e+00   0.00000000000e+00   0.00000000000e+00   0.00000000000e+00   0.00000000000e+00   0.00000000000e+00   0.00000000000e+00 

Function evaluation 230 (0,0). Func 1 Grad 0 Sec 0
Function
 -8.28232468292e+02 
Parameter
  2.78614996146e+00  -1.90512334407e-01   3.35600725441e+00  -2.30930462091e-01   4.83419244022e+00  -3.72953872526e-01   4.55270377700e+00  -3.85451974234e-01   0.00000000000e+00   0.00000000000e+00   0.00000000000e+00   0.00000000000e+00   0.00000000000e+00   0.00000000000e+00   0.00000000000e+00   0.00000000000e+00   0.00000000000e+00   0.00000000000e+00 

Function evaluation 231 (0,0). Func 1 Grad 0 Sec 0
Function
 -8.28232463338e+02 
Parameter
  2.78617782296e+00  -1.90512334407e-01   3.35600725441e+00  -2.30930462091e-01   4.83419244022e+00  -3.72953872526e-01   4.55270377700e+00  -3.85461974234e-01   0.00000000000e+00   0.00000000000e+00   0.00000000000e+00   0.00000000000e+00   0.00000000000e+00   0.00000000000e+00   0.00000000000e+00   0.00000000000e+00   0.00000000000e+00   0.00000000000e+00 

Function evaluation 232 (0,0). Func 1 Grad 0 Sec 0
Function
 -8.28232460814e+02 
Parameter
  2.78614996146e+00  -1.90502334407e-01   3.35600725441e+00  -2.30930462091e-01   4.83419244022e+00  -3.72953872526e-01   4.55270377700e+00  -3.85461974234e-01   0.00000000000e+00   0.00000000000e+00   0.00000000000e+00   0.00000000000e+00   0.00000000000e+00   0.00000000000e+00   0.00000000000e+00   0.00000000000e+00   0.00000000000e+00   0.00000000000e+00 

Function evaluation 233 (0,0). Func 1 Grad 0 Sec 0
Function
 -8.28232460821e+02 
Parameter
  2.78614996146e+00  -1.90512334407e-01   3.35607437455e+00  -2.30930462091e-01   4.83419244022e+00  -3.72953872526e-01   4.55270377700e+00  -3.85461974234e-01   0.00000000000e+00   0.00000000000e+00   0.00000000000e+00   0.00000000000e+00   0.00000000000e+00   0.00000000000e+00   0.00000000000e+00   0.00000000000e+00   0.00000000000e+00   0.00000000000e+00 

Function evaluation 234 (0,0). Func 1 Grad 0 Sec 0
Function
 -8.28232459329e+02 
Parameter
  2.78614996146e+00  -1.90512334407e-01   3.35604081448e+00  -2.30920462091e-01   4.83419244022e+00  -3.72953872526e-01   4.55270377700e+00  -3.85461974234e-01   0.00000000000e+00   0.00000000000e+00   0.00000000000e+00   0.00000000000e+00   0.00000000000e+00   0.00000000000e+00   0.00000000000e+00   0.00000000000e+00   0.00000000000e+00   0.00000000000e+00 

Function evaluation 235 (0,0). Func 1 Grad 0 Sec 0
Function
 -8.28232459408e+02 
Parameter
  2.78614996146e+00  -1.90512334407e-01   3.35604081448e+00  -2.30930462091e-01   4.83424078215e+00  -3.72953872526e-01   4.55270377700e+00  -3.85461974234e-01   0.00000000000e+00   0.00000000000e+00   0.00000000000e+00   0.00000000000e+00   0.00000000000e+00   0.00000000000e+00   0.00000000000e+00   0.00000000000e+00   0.00000000000e+00   0.00000000000e+00 

Function evaluation 236 (0,0). Func 1 Grad 0 Sec 0
Function
 -8.28232457532e+02 
Parameter
  2.78614996146e+00  -1.90512334407e-01   3.35604081448e+00  -2.30930462091e-01   4.83419244022e+00  -3.72943872526e-01   4.55270377700e+00  -3.85461974234e-01   0.00000000000e+00   0.00000000000e+00   0.00000000000e+00   0.00000000000e+00   0.00000000000e+00   0.00000000000e+00   0.00000000000e+00   0.00000000000e+00   0.00000000000e+00   0.00000000000e+00 

Function evaluation 237 (0,0). Func 1 Grad 0 Sec 0
Function
 -8.28232462790e+02 
Parameter
  2.78614996146e+00  -1.90512334407e-01   3.35604081448e+00  -2.30930462091e-01   4.83419244022e+00  -3.72953872526e-01   4.55274930404e+00  -3.85461974234e-01   0.00000000000e+00   0.00000000000e+00   0.00000000000e+00   0.00000000000e+00   0.00000000000e+00   0.00000000000e+00   0.00000000000e+00   0.00000000000e+00   0.00000000000e+00   0.00000000000e+00 

Function evaluation 238 (0,0). Func 1 Grad 0 Sec 0
Function
 -8.28232465660e+02 
Parameter
  2.78614996146e+00  -1.90512334407e-01   3.35604081448e+00  -2.30930462091e-01   4.83419244022e+00  -3.72953872526e-01   4.55270377700e+00  -3.85451974234e-01   0.00000000000e+00   0.00000000000e+00   0.00000000000e+00   0.00000000000e+00   0.00000000000e+00   0.00000000000e+00   0.00000000000e+00   0.00000000000e+00   0.00000000000e+00   0.00000000000e+00 

Function evaluation 239 (0,0). Func 1 Grad 0 Sec 0
Function
 -8.28232460844e+02 
Parameter
  2.78617782296e+00  -1.90512334407e-01   3.35604081448e+00  -2.30930462091e-01   4.83419244022e+00  -3.72953872526e-01   4.55270377700e+00  -3.85461974234e-01   0.00000000000e+00   0.00000000000e+00   0.00000000000e+00   0.00000000000e+00   0.00000000000e+00   0.00000000000e+00   0.00000000000e+00   0.00000000000e+00   0.00000000000e+00   0.00000000000e+00 

Function evaluation 240 (0,0). Func 1 Grad 0 Sec 0
Function
 -8.28232457855e+02 
Parameter
  2.78614996146e+00  -1.90502334407e-01   3.35604081448e+00  -2.30930462091e-01   4.83419244022e+00  -3.72953872526e-01   4.55270377700e+00  -3.85461974234e-01   0.00000000000e+00   0.00000000000e+00   0.00000000000e+00   0.00000000000e+00   0.00000000000e+00   0.00000000000e+00   0.00000000000e+00   0.00000000000e+00   0.00000000000e+00   0.00000000000e+00 

Function evaluation 241 (0,0). Func 1 Grad 0 Sec 0
Function
 -8.28232461182e+02 
Parameter
  2.78614996146e+00  -1.90512334407e-01   3.35600725441e+00  -2.30910462091e-01   4.83419244022e+00  -3.72953872526e-01   4.55270377700e+00  -3.85461974234e-01   0.00000000000e+00   0.00000000000e+00   0.00000000000e+00   0.00000000000e+00   0.00000000000e+00   0.00000000000e+00   0.00000000000e+00   0.00000000000e+00   0.00000000000e+00   0.00000000000e+00 

Function evaluation 242 (0,0). Func 1 Grad 0 Sec 0
Function
 -8.28232456151e+02 
Parameter
  2.78614996146e+00  -1.90512334407e-01   3.35600725441e+00  -2.30920462091e-01   4.83424078215e+00  -3.72953872526e-01   4.55270377700e+00  -3.85461974234e-01   0.00000000000e+00   0.00000000000e+00   0.00000000000e+00   0.00000000000e+00   0.00000000000e+00   0.00000000000e+00   0.00000000000e+00   0.00000000000e+00   0.00000000000e+00   0.00000000000e+00 

Function evaluation 243 (0,0). Func 1 Grad 0 Sec 0
Function
 -8.28232453548e+02 
Parameter
  2.78614996146e+00  -1.90512334407e-01   3.35600725441e+00  -2.30920462091e-01   4.83419244022e+00  -3.72943872526e-01   4.55270377700e+00  -3.85461974234e-01   0.00000000000e+00   0.00000000000e+00   0.00000000000e+00   0.00000000000e+00   0.00000000000e+00   0.00000000000e+00   0.00000000000e+00   0.00000000000e+00   0.00000000000e+00   0.00000000000e+00 

Function evaluation 244 (0,0). Func 1 Grad 0 Sec 0
Function
 -8.28232459779e+02 
Parameter
  2.78614996146e+00  -1.90512334407e-01   3.35600725441e+00  -2.30920462091e-01   4.83419244022e+00  -3.72953872526e-01   4.55274930404e+00  -3.85461974234e-01   0.00000000000e+00   0.00000000000e+00   0.00000000000e+00   0.00000000000e+00   0.00000000000e+00   0.00000000000e+00   0.00000000000e+00   0.00000000000e+00   0.00000000000e+00   0.00000000000e+00 

Function evaluation 245 (0,0). Func 1 Grad 0 Sec 0
Function
 -8.28232462249e+02 
Parameter
  2.78614996146e+00  -1.90512334407e-01   3.35600725441e+00  -2.30920462091e-01   4.83419244022e+00  -3.72953872526e-01   4.55270377700e+00  -3.85451974234e-01   0.00000000000e+00   0.00000000000e+00   0.00000000000e+00   0.00000000000e+00   0.00000000000e+00   0.00000000000e+00   0.00000000000e+00   0.00000000000e+00   0.00000000000e+00   0.00000000000e+00 

Function evaluation 246 (0,0). Func 1 Grad 0 Sec 0
Function
 -8.28232457732e+02 
Parameter
  2.78617782296e+00  -1.90512334407e-01   3.35600725441e+00  -2.30920462091e-01   4.83419244022e+00  -3.72953872526e-01   4.55270377700e+00  -3.85461974234e-01   0.00000000000e+00   0.00000000000e+00   0.00000000000e+00   0.00000000000e+00   0.00000000000e+00   0.00000000000e+00   0.00000000000e+00   0.00000000000e+00   0.00000000000e+00   0.00000000000e+00 

Function evaluation 247 (0,0). Func 1 Grad 0 Sec 0
Function
 -8.28232453482e+02 
Parameter
  2.78614996146e+00  -1.90502334407e-01   3.35600725441e+00  -2.30920462091e-01   4.83419244022e+00  -3.72953872526e-01   4.55270377700e+00  -3.85461974234e-01   0.00000000000e+00   0.00000000000e+00   0.00000000000e+00   0.00000000000e+00   0.00000000000e+00   0.00000000000e+00   0.00000000000e+00   0.00000000000e+00   0.00000000000e+00   0.00000000000e+00 

Function evaluation 248 (0,0). Func 1 Grad 0 Sec 0
Function
 -8.28232459806e+02 
Parameter
  2.78614996146e+00  -1.90512334407e-01   3.35600725441e+00  -2.30930462091e-01   4.83428912407e+00  -3.72953872526e-01   4.55270377700e+00  -3.85461974234e-01   0.00000000000e+00   0.00000000000e+00   0.00000000000e+00   0.00000000000e+00   0.00000000000e+00   0.00000000000e+00   0.00000000000e+00   0.00000000000e+00   0.00000000000e+00   0.00000000000e+00 

Function evaluation 249 (0,0). Func 1 Grad 0 Sec 0
Function
 -8.28232459409e+02 
Parameter
  2.78614996146e+00  -1.90512334407e-01   3.35600725441e+00  -2.30930462091e-01   4.83424078215e+00  -3.72943872526e-01   4.55270377700e+00  -3.85461974234e-01   0.00000000000e+00   0.00000000000e+00   0.00000000000e+00   0.00000000000e+00   0.00000000000e+00   0.00000000000e+00   0.00000000000e+00   0.00000000000e+00   0.00000000000e+00   0.00000000000e+00 

Function evaluation 250 (0,0). Func 1 Grad 0 Sec 0
Function
 -8.28232462048e+02 
Parameter
  2.78614996146e+00  -1.90512334407e-01   3.35600725441e+00  -2.30930462091e-01   4.83424078215e+00  -3.72953872526e-01   4.55274930404e+00  -3.85461974234e-01   0.00000000000e+00   0.00000000000e+00   0.00000000000e+00   0.00000000000e+00   0.00000000000e+00   0.00000000000e+00   0.00000000000e+00   0.00000000000e+00   0.00000000000e+00   0.00000000000e+00 

Function evaluation 251 (0,0). Func 1 Grad 0 Sec 0
Function
 -8.28232464876e+02 
Parameter
  2.78614996146e+00  -1.90512334407e-01   3.35600725441e+00  -2.30930462091e-01   4.83424078215e+00  -3.72953872526e-01   4.55270377700e+00  -3.85451974234e-01   0.00000000000e+00   0.00000000000e+00   0.00000000000e+00   0.00000000000e+00   0.00000000000e+00   0.00000000000e+00   0.00000000000e+00   0.00000000000e+00   0.00000000000e+00   0.00000000000e+00 

Function evaluation 252 (0,0). Func 1 Grad 0 Sec 0
Function
 -8.28232460126e+02 
Parameter
  2.78617782296e+00  -1.90512334407e-01   3.35600725441e+00  -2.30930462091e-01   4.83424078215e+00  -3.72953872526e-01   4.55270377700e+00  -3.85461974234e-01   0.00000000000e+00   0.00000000000e+00   0.00000000000e+00   0.00000000000e+00   0.00000000000e+00   0.00000000000e+00   0.00000000000e+00   0.00000000000e+00   0.00000000000e+00   0.00000000000e+00 

Function evaluation 253 (0,0). Func 1 Grad 0 Sec 0
Function
 -8.28232457111e+02 
Parameter
  2.78614996146e+00  -1.90502334407e-01   3.35600725441e+00  -2.30930462091e-01   4.83424078215e+00  -3.72953872526e-01   4.55270377700e+00  -3.85461974234e-01   0.00000000000e+00   0.00000000000e+00   0.00000000000e+00   0.00000000000e+00   0.00000000000e+00   0.00000000000e+00   0.00000000000e+00   0.00000000000e+00   0.00000000000e+00   0.00000000000e+00 

Function evaluation 254 (0,0). Func 1 Grad 0 Sec 0
Function
 -8.28232460771e+02 
Parameter
  2.78614996146e+00  -1.90512334407e-01   3.35600725441e+00  -2.30930462091e-01   4.83419244022e+00  -3.72933872526e-01   4.55270377700e+00  -3.85461974234e-01   0.00000000000e+00   0.00000000000e+00   0.00000000000e+00   0.00000000000e+00   0.00000000000e+00   0.00000000000e+00   0.00000000000e+00   0.00000000000e+00   0.00000000000e+00   0.00000000000e+00 

Function evaluation 255 (0,0). Func 1 Grad 0 Sec 0
Function
 -8.28232460274e+02 
Parameter
  2.78614996146e+00  -1.90512334407e-01   3.35600725441e+00  -2.30930462091e-01   4.83419244022e+00  -3.72943872526e-01   4.55274930404e+00  -3.85461974234e-01   0.00000000000e+00   0.00000000000e+00   0.00000000000e+00   0.00000000000e+00   0.00000000000e+00   0.00000000000e+00   0.00000000000e+00   0.00000000000e+00   0.00000000000e+00   0.00000000000e+00 

Function evaluation 256 (0,0). Func 1 Grad 0 Sec 0
Function
 -8.28232462839e+02 
Parameter
  2.78614996146e+00  -1.90512334407e-01   3.35600725441e+00  -2.30930462091e-01   4.83419244022e+00  -3.72943872526e-01   4.55270377700e+00  -3.85451974234e-01   0.00000000000e+00   0.00000000000e+00   0.00000000000e+00   0.00000000000e+00   0.00000000000e+00   0.00000000000e+00   0.00000000000e+00   0.00000000000e+00   0.00000000000e+00   0.00000000000e+00 

Function evaluation 257 (0,0). Func 1 Grad 0 Sec 0
Function
 -8.28232458320e+02 
Parameter
  2.78617782296e+00  -1.90512334407e-01   3.35600725441e+00  -2.30930462091e-01   4.83419244022e+00  -3.72943872526e-01   4.55270377700e+00  -3.85461974234e-01   0.00000000000e+00   0.00000000000e+00   0.00000000000e+00   0.00000000000e+00   0.00000000000e+00   0.00000000000e+00   0.00000000000e+00   0.00000000000e+00   0.00000000000e+00   0.00000000000e+00 

Function evaluation 258 (0,0). Func 1 Grad 0 Sec 0
Function
 -8.28232454588e+02 
Parameter
  2.78614996146e+00  -1.90502334407e-01   3.35600725441e+00  -2.30930462091e-01   4.83419244022e+00  -3.72943872526e-01   4.55270377700e+00  -3.85461974234e-01   0.00000000000e+00   0.00000000000e+00   0.00000000000e+00   0.00000000000e+00   0.00000000000e+00   0.00000000000e+00   0.00000000000e+00   0.00000000000e+00   0.00000000000e+00   0.00000000000e+00 

Function evaluation 259 (0,0). Func 1 Grad 0 Sec 0
Function
 -8.28232465990e+02 
Parameter
  2.78614996146e+00  -1.90512334407e-01   3.35600725441e+00  -2.30930462091e-01   4.83419244022e+00  -3.72953872526e-01   4.55279483108e+00  -3.85461974234e-01   0.00000000000e+00   0.00000000000e+00   0.00000000000e+00   0.00000000000e+00   0.00000000000e+00   0.00000000000e+00   0.00000000000e+00   0.00000000000e+00   0.00000000000e+00   0.00000000000e+00 

Function evaluation 260 (0,0). Func 1 Grad 0 Sec 0
Function
 -8.28232469742e+02 
Parameter
  2.78614996146e+00  -1.90512334407e-01   3.35600725441e+00  -2.30930462091e-01   4.83419244022e+00  -3.72953872526e-01   4.55274930404e+00  -3.85451974234e-01   0.00000000000e+00   0.00000000000e+00   0.00000000000e+00   0.00000000000e+00   0.00000000000e+00   0.00000000000e+00   0.00000000000e+00   0.00000000000e+00   0.00000000000e+00   0.00000000000e+00 

Function evaluation 261 (0,0). Func 1 Grad 0 Sec 0
Function
 -8.28232463481e+02 
Parameter
  2.78617782296e+00  -1.90512334407e-01   3.35600725441e+00  -2.30930462091e-01   4.83419244022e+00  -3.72953872526e-01   4.55274930404e+00  -3.85461974234e-01   0.00000000000e+00   0.00000000000e+00   0.00000000000e+00   0.00000000000e+00   0.00000000000e+00   0.00000000000e+00   0.00000000000e+00   0.00000000000e+00   0.00000000000e+00   0.00000000000e+00 

Function evaluation 262 (0,0). Func 1 Grad 0 Sec 0
Function
 -8.28232460705e+02 
Parameter
  2.78614996146e+00  -1.90502334407e-01   3.35600725441e+00  -2.30930462091e-01   4.83419244022e+00  -3.72953872526e-01   4.55274930404e+00  -3.85461974234e-01   0.00000000000e+00   0.00000000000e+00   0.00000000000e+00   0.00000000000e+00   0.00000000000e+00   0.00000000000e+00   0.00000000000e+00   0.00000000000e+00   0.00000000000e+00   0.00000000000e+00 

Function evaluation 263 (0,0). Func 1 Grad 0 Sec 0
Function
 -8.28232474613e+02 
Parameter
  2.78614996146e+00  -1.90512334407e-01   3.35600725441e+00  -2.30930462091e-01   4.83419244022e+00  -3.72953872526e-01   4.55270377700e+00  -3.85441974234e-01   0.00000000000e+00   0.00000000000e+00   0.00000000000e+00   0.00000000000e+00   0.00000000000e+00   0.00000000000e+00   0.00000000000e+00   0.00000000000e+00   0.00000000000e+00   0.00000000000e+00 

Function evaluation 264 (0,0). Func 1 Grad 0 Sec 0
Function
 -8.28232466392e+02 
Parameter
  2.78617782296e+00  -1.90512334407e-01   3.35600725441e+00  -2.30930462091e-01   4.83419244022e+00  -3.72953872526e-01   4.55270377700e+00  -3.85451974234e-01   0.00000000000e+00   0.00000000000e+00   0.00000000000e+00   0.00000000000e+00   0.00000000000e+00   0.00000000000e+00   0.00000000000e+00   0.00000000000e+00   0.00000000000e+00   0.00000000000e+00 

Function evaluation 265 (0,0). Func 1 Grad 0 Sec 0
Function
 -8.28232463223e+02 
Parameter
  2.78614996146e+00  -1.90502334407e-01   3.35600725441e+00  -2.30930462091e-01   4.83419244022e+00  -3.72953872526e-01   4.55270377700e+00  -3.85451974234e-01   0.00000000000e+00   0.00000000000e+00   0.00000000000e+00   0.00000000000e+00   0.00000000000e+00   0.00000000000e+00   0.00000000000e+00   0.00000000000e+00   0.00000000000e+00   0.00000000000e+00 

Function evaluation 266 (0,0). Func 1 Grad 0 Sec 0
Function
 -8.28232461965e+02 
Parameter
  2.78620568446e+00  -1.90512334407e-01   3.35600725441e+00  -2.30930462091e-01   4.83419244022e+00  -3.72953872526e-01   4.55270377700e+00  -3.85461974234e-01   0.00000000000e+00   0.00000000000e+00   0.00000000000e+00   0.00000000000e+00   0.00000000000e+00   0.00000000000e+00   0.00000000000e+00   0.00000000000e+00   0.00000000000e+00   0.00000000000e+00 

Function evaluation 267 (0,0). Func 1 Grad 0 Sec 0
Function
 -8.28232460500e+02 
Parameter
  2.78617782296e+00  -1.90502334407e-01   3.35600725441e+00  -2.30930462091e-01   4.83419244022e+00  -3.72953872526e-01   4.55270377700e+00  -3.85461974234e-01   0.00000000000e+00   0.00000000000e+00   0.00000000000e+00   0.00000000000e+00   0.00000000000e+00   0.00000000000e+00   0.00000000000e+00   0.00000000000e+00   0.00000000000e+00   0.00000000000e+00 

Function evaluation 268 (0,0). Func 1 Grad 0 Sec 0
Function
 -8.28232462673e+02 
Parameter
  2.78614996146e+00  -1.90492334407e-01   3.35600725441e+00  -2.30930462091e-01   4.83419244022e+00  -3.72953872526e-01   4.55270377700e+00  -3.85461974234e-01   0.00000000000e+00   0.00000000000e+00   0.00000000000e+00   0.00000000000e+00   0.00000000000e+00   0.00000000000e+00   0.00000000000e+00   0.00000000000e+00   0.00000000000e+00   0.00000000000e+00 
Hessian
  4.42042215115e+02  -5.15761078435e+03   1.04171550697e+04  -9.14677334623e+03   1.42441780570e+04  -5.74846763339e+03   1.23209315791e+04   2.01863574261e+01 
  5.22799988417e+03   6.35672074623e+04  -1.24582285583e+04  -1.59252076792e+04  -1.53046512006e+04  -8.02472511277e+03  -1.21817363925e+04   3.27940622496e+01 
 -1.32717502734e+02  -1.49576173369e+03   3.77468210699e+02  -3.79915982885e+03   1.53588750344e+04  -5.95777977964e+03   1.32648726021e+04   1.91644575460e+01 
 -1.49577442285e+03  -1.73716910012e+04   4.29080952390e+03   5.02676084579e+04  -1.14369047297e+04  -6.95464973804e+03  -9.06708845177e+03   7.05929177391e+00 
 -7.53177842931e+01  -8.28359264144e+02  -7.15669864529e+01  -7.49027507416e+02   2.43116075516e+02  -4.17972301252e+03   1.79707748721e+04   1.90196025578e+01 
 -8.28385685822e+02  -9.39464484873e+03  -7.49042970992e+02  -8.10105575511e+03   2.68583014749e+03   3.06065089717e+04  -5.89041442453e+03  -7.30898996167e+01 
 -1.49412273987e+02  -1.80380942119e+03  -1.17099902210e+02  -1.34296672096e+03  -6.61554504928e+01  -7.40220615113e+02   4.13958941572e+02   2.02712170458e+01 
 -1.80381528993e+03  -2.22923927140e+04  -1.34295826670e+03  -1.58288412422e+04  -7.40197912757e+02  -8.51796812640e+03   4.95119232295e+03   6.07596928148e+04 

Function evaluation 269 (0,0). Func 1 Grad 0 Sec 0
Function
 -8.28231990825e+02 
Parameter
  2.80028847220e+00  -1.91541824949e-01   3.37031464032e+00  -2.31973686215e-01   4.84893989284e+00  -3.74036833859e-01   4.56864898591e+00  -3.86670165740e-01   0.00000000000e+00   0.00000000000e+00   0.00000000000e+00   0.00000000000e+00   0.00000000000e+00   0.00000000000e+00   0.00000000000e+00   0.00000000000e+00   0.00000000000e+00   0.00000000000e+00 

Function evaluation 270 (0,0). Func 1 Grad 0 Sec 0
Function
 -8.28231990825e+02 
Parameter
  2.80028847220e+00  -1.91541824949e-01   3.37031474690e+00  -2.31973686215e-01   4.84893989284e+00  -3.74036833859e-01   4.56864898591e+00  -3.86670165740e-01   0.00000000000e+00   0.00000000000e+00   0.00000000000e+00   0.00000000000e+00   0.00000000000e+00   0.00000000000e+00   0.00000000000e+00   0.00000000000e+00   0.00000000000e+00   0.00000000000e+00 

Function evaluation 271 (0,0). Func 1 Grad 0 Sec 0
Function
 -8.28231990825e+02 
Parameter
  2.80028847220e+00  -1.91541824949e-01   3.37031464032e+00  -2.31973654592e-01   4.84893989284e+00  -3.74036833859e-01   4.56864898591e+00  -3.86670165740e-01   0.00000000000e+00   0.00000000000e+00   0.00000000000e+00   0.00000000000e+00   0.00000000000e+00   0.00000000000e+00   0.00000000000e+00   0.00000000000e+00   0.00000000000e+00   0.00000000000e+00 

Function evaluation 272 (0,0). Func 1 Grad 0 Sec 0
Function
 -8.28231990825e+02 
Parameter
  2.80028847220e+00  -1.91541824949e-01   3.37031464032e+00  -2.31973686215e-01   4.84894004618e+00  -3.74036833859e-01   4.56864898591e+00  -3.86670165740e-01   0.00000000000e+00   0.00000000000e+00   0.00000000000e+00   0.00000000000e+00   0.00000000000e+00   0.00000000000e+00   0.00000000000e+00   0.00000000000e+00   0.00000000000e+00   0.00000000000e+00 

Function evaluation 273 (0,0). Func 1 Grad 0 Sec 0
Function
 -8.28231990825e+02 
Parameter
  2.80028847220e+00  -1.91541824949e-01   3.37031464032e+00  -2.31973686215e-01   4.84893989284e+00  -3.74036802236e-01   4.56864898591e+00  -3.86670165740e-01   0.00000000000e+00   0.00000000000e+00   0.00000000000e+00   0.00000000000e+00   0.00000000000e+00   0.00000000000e+00   0.00000000000e+00   0.00000000000e+00   0.00000000000e+00   0.00000000000e+00 

Function evaluation 274 (0,0). Func 1 Grad 0 Sec 0
Function
 -8.28231990825e+02 
Parameter
  2.80028847220e+00  -1.91541824949e-01   3.37031464032e+00  -2.31973686215e-01   4.84893989284e+00  -3.74036833859e-01   4.56864913038e+00  -3.86670165740e-01   0.00000000000e+00   0.00000000000e+00   0.00000000000e+00   0.00000000000e+00   0.00000000000e+00   0.00000000000e+00   0.00000000000e+00   0.00000000000e+00   0.00000000000e+00   0.00000000000e+00 

Function evaluation 275 (0,0). Func 1 Grad 0 Sec 0
Function
 -8.28231990825e+02 
Parameter
  2.80028847220e+00  -1.91541824949e-01   3.37031464032e+00  -2.31973686215e-01   4.84893989284e+00  -3.74036833859e-01   4.56864898591e+00  -3.86670134117e-01   0.00000000000e+00   0.00000000000e+00   0.00000000000e+00   0.00000000000e+00   0.00000000000e+00   0.00000000000e+00   0.00000000000e+00   0.00000000000e+00   0.00000000000e+00   0.00000000000e+00 

Function evaluation 276 (0,0). Func 1 Grad 0 Sec 0
Function
 -8.28231990825e+02 
Parameter
  2.80028856075e+00  -1.91541824949e-01   3.37031464032e+00  -2.31973686215e-01   4.84893989284e+00  -3.74036833859e-01   4.56864898591e+00  -3.86670165740e-01   0.00000000000e+00   0.00000000000e+00   0.00000000000e+00   0.00000000000e+00   0.00000000000e+00   0.00000000000e+00   0.00000000000e+00   0.00000000000e+00   0.00000000000e+00   0.00000000000e+00 

Function evaluation 277 (0,0). Func 1 Grad 0 Sec 0
Function
 -8.28231990825e+02 
Parameter
  2.80028847220e+00  -1.91541793326e-01   3.37031464032e+00  -2.31973686215e-01   4.84893989284e+00  -3.74036833859e-01   4.56864898591e+00  -3.86670165740e-01   0.00000000000e+00   0.00000000000e+00   0.00000000000e+00   0.00000000000e+00   0.00000000000e+00   0.00000000000e+00   0.00000000000e+00   0.00000000000e+00   0.00000000000e+00   0.00000000000e+00 

Scaled gradient
  2.63913596080e-06 
Scaled parameter change
  5.04894794900e-03 

ITER      Function Value     Norm of Gradient  Par Change   FCall
    5   8.2823199082522e+02  2.6391359608e-06  5.0489e-03     277 (0,0)

Parameter
  3.35600725441e+00  -2.30930462091e-01   4.83419244022e+00  -3.72953872526e-01   4.55270377700e+00  -3.85461974234e-01   2.78614996146e+00  -1.90512334407e-01 
Gradient
 -2.01605113673e-04  -2.18581683087e-03  -1.30489646196e-04  -1.15762009793e-03   6.29524129853e-06   5.42859114245e-04  -1.52775732713e-04  -1.69328902523e-03 

Function evaluation 278 (0,0). Func 1 Grad 0 Sec 0
Function
 -8.28231991069e+02 
Parameter
  2.80028847220e+00  -1.91541824949e-01   3.37034834347e+00  -2.31973686215e-01   4.84893989284e+00  -3.74036833859e-01   4.56864898591e+00  -3.86670165740e-01   0.00000000000e+00   0.00000000000e+00   0.00000000000e+00   0.00000000000e+00   0.00000000000e+00   0.00000000000e+00   0.00000000000e+00   0.00000000000e+00   0.00000000000e+00   0.00000000000e+00 

Function evaluation 279 (0,0). Func 1 Grad 0 Sec 0
Function
 -8.28231993972e+02 
Parameter
  2.80028847220e+00  -1.91541824949e-01   3.37031464032e+00  -2.31963686215e-01   4.84893989284e+00  -3.74036833859e-01   4.56864898591e+00  -3.86670165740e-01   0.00000000000e+00   0.00000000000e+00   0.00000000000e+00   0.00000000000e+00   0.00000000000e+00   0.00000000000e+00   0.00000000000e+00   0.00000000000e+00   0.00000000000e+00   0.00000000000e+00 

Function evaluation 280 (0,0). Func 1 Grad 0 Sec 0
Function
 -8.28231991261e+02 
Parameter
  2.80028847220e+00  -1.91541824949e-01   3.37031464032e+00  -2.31973686215e-01   4.84898838224e+00  -3.74036833859e-01   4.56864898591e+00  -3.86670165740e-01   0.00000000000e+00   0.00000000000e+00   0.00000000000e+00   0.00000000000e+00   0.00000000000e+00   0.00000000000e+00   0.00000000000e+00   0.00000000000e+00   0.00000000000e+00   0.00000000000e+00 

Function evaluation 281 (0,0). Func 1 Grad 0 Sec 0
Function
 -8.28231993319e+02 
Parameter
  2.80028847220e+00  -1.91541824949e-01   3.37031464032e+00  -2.31973686215e-01   4.84893989284e+00  -3.74026833859e-01   4.56864898591e+00  -3.86670165740e-01   0.00000000000e+00   0.00000000000e+00   0.00000000000e+00   0.00000000000e+00   0.00000000000e+00   0.00000000000e+00   0.00000000000e+00   0.00000000000e+00   0.00000000000e+00   0.00000000000e+00 

Function evaluation 282 (0,0). Func 1 Grad 0 Sec 0
Function
 -8.28231991078e+02 
Parameter
  2.80028847220e+00  -1.91541824949e-01   3.37031464032e+00  -2.31973686215e-01   4.84893989284e+00  -3.74036833859e-01   4.56869467240e+00  -3.86670165740e-01   0.00000000000e+00   0.00000000000e+00   0.00000000000e+00   0.00000000000e+00   0.00000000000e+00   0.00000000000e+00   0.00000000000e+00   0.00000000000e+00   0.00000000000e+00   0.00000000000e+00 

Function evaluation 283 (0,0). Func 1 Grad 0 Sec 0
Function
 -8.28231992356e+02 
Parameter
  2.80028847220e+00  -1.91541824949e-01   3.37031464032e+00  -2.31973686215e-01   4.84893989284e+00  -3.74036833859e-01   4.56864898591e+00  -3.86660165740e-01   0.00000000000e+00   0.00000000000e+00   0.00000000000e+00   0.00000000000e+00   0.00000000000e+00   0.00000000000e+00   0.00000000000e+00   0.00000000000e+00   0.00000000000e+00   0.00000000000e+00 

Function evaluation 284 (0,0). Func 1 Grad 0 Sec 0
Function
 -8.28231990983e+02 
Parameter
  2.80031647508e+00  -1.91541824949e-01   3.37031464032e+00  -2.31973686215e-01   4.84893989284e+00  -3.74036833859e-01   4.56864898591e+00  -3.86670165740e-01   0.00000000000e+00   0.00000000000e+00   0.00000000000e+00   0.00000000000e+00   0.00000000000e+00   0.00000000000e+00   0.00000000000e+00   0.00000000000e+00   0.00000000000e+00   0.00000000000e+00 

Function evaluation 285 (0,0). Func 1 Grad 0 Sec 0
Function
 -8.28231993837e+02 
Parameter
  2.80028847220e+00  -1.91531824949e-01   3.37031464032e+00  -2.31973686215e-01   4.84893989284e+00  -3.74036833859e-01   4.56864898591e+00  -3.86670165740e-01   0.00000000000e+00   0.00000000000e+00   0.00000000000e+00   0.00000000000e+00   0.00000000000e+00   0.00000000000e+00   0.00000000000e+00   0.00000000000e+00   0.00000000000e+00   0.00000000000e+00 

Function evaluation 286 (0,0). Func 1 Grad 0 Sec 0
Function
 -8.28231991814e+02 
Parameter
  2.80028847220e+00  -1.91541824949e-01   3.37038204661e+00  -2.31973686215e-01   4.84893989284e+00  -3.74036833859e-01   4.56864898591e+00  -3.86670165740e-01   0.00000000000e+00   0.00000000000e+00   0.00000000000e+00   0.00000000000e+00   0.00000000000e+00   0.00000000000e+00   0.00000000000e+00   0.00000000000e+00   0.00000000000e+00   0.00000000000e+00 

Function evaluation 287 (0,0). Func 1 Grad 0 Sec 0
Function
 -8.28231995977e+02 
Parameter
  2.80028847220e+00  -1.91541824949e-01   3.37034834347e+00  -2.31963686215e-01   4.84893989284e+00  -3.74036833859e-01   4.56864898591e+00  -3.86670165740e-01   0.00000000000e+00   0.00000000000e+00   0.00000000000e+00   0.00000000000e+00   0.00000000000e+00   0.00000000000e+00   0.00000000000e+00   0.00000000000e+00   0.00000000000e+00   0.00000000000e+00 

Function evaluation 288 (0,0). Func 1 Grad 0 Sec 0
Function
 -8.28231991288e+02 
Parameter
  2.80028847220e+00  -1.91541824949e-01   3.37034834347e+00  -2.31973686215e-01   4.84898838224e+00  -3.74036833859e-01   4.56864898591e+00  -3.86670165740e-01   0.00000000000e+00   0.00000000000e+00   0.00000000000e+00   0.00000000000e+00   0.00000000000e+00   0.00000000000e+00   0.00000000000e+00   0.00000000000e+00   0.00000000000e+00   0.00000000000e+00 

Function evaluation 289 (0,0). Func 1 Grad 0 Sec 0
Function
 -8.28231993058e+02 
Parameter
  2.80028847220e+00  -1.91541824949e-01   3.37034834347e+00  -2.31973686215e-01   4.84893989284e+00  -3.74026833859e-01   4.56864898591e+00  -3.86670165740e-01   0.00000000000e+00   0.00000000000e+00   0.00000000000e+00   0.00000000000e+00   0.00000000000e+00   0.00000000000e+00   0.00000000000e+00   0.00000000000e+00   0.00000000000e+00   0.00000000000e+00 

Function evaluation 290 (0,0). Func 1 Grad 0 Sec 0
Function
 -8.28231991206e+02 
Parameter
  2.80028847220e+00  -1.91541824949e-01   3.37034834347e+00  -2.31973686215e-01   4.84893989284e+00  -3.74036833859e-01   4.56869467240e+00  -3.86670165740e-01   0.00000000000e+00   0.00000000000e+00   0.00000000000e+00   0.00000000000e+00   0.00000000000e+00   0.00000000000e+00   0.00000000000e+00   0.00000000000e+00   0.00000000000e+00   0.00000000000e+00 

Function evaluation 291 (0,0). Func 1 Grad 0 Sec 0
Function
 -8.28231992320e+02 
Parameter
  2.80028847220e+00  -1.91541824949e-01   3.37034834347e+00  -2.31973686215e-01   4.84893989284e+00  -3.74036833859e-01   4.56864898591e+00  -3.86660165740e-01   0.00000000000e+00   0.00000000000e+00   0.00000000000e+00   0.00000000000e+00   0.00000000000e+00   0.00000000000e+00   0.00000000000e+00   0.00000000000e+00   0.00000000000e+00   0.00000000000e+00 

Function evaluation 292 (0,0). Func 1 Grad 0 Sec 0
Function
 -8.28231991085e+02 
Parameter
  2.80031647508e+00  -1.91541824949e-01   3.37034834347e+00  -2.31973686215e-01   4.84893989284e+00  -3.74036833859e-01   4.56864898591e+00  -3.86670165740e-01   0.00000000000e+00   0.00000000000e+00   0.00000000000e+00   0.00000000000e+00   0.00000000000e+00   0.00000000000e+00   0.00000000000e+00   0.00000000000e+00   0.00000000000e+00   0.00000000000e+00 

Function evaluation 293 (0,0). Func 1 Grad 0 Sec 0
Function
 -8.28231993472e+02 
Parameter
  2.80028847220e+00  -1.91531824949e-01   3.37034834347e+00  -2.31973686215e-01   4.84893989284e+00  -3.74036833859e-01   4.56864898591e+00  -3.86670165740e-01   0.00000000000e+00   0.00000000000e+00   0.00000000000e+00   0.00000000000e+00   0.00000000000e+00   0.00000000000e+00   0.00000000000e+00   0.00000000000e+00   0.00000000000e+00   0.00000000000e+00 

Function evaluation 294 (0,0). Func 1 Grad 0 Sec 0
Function
 -8.28232003474e+02 
Parameter
  2.80028847220e+00  -1.91541824949e-01   3.37031464032e+00  -2.31953686215e-01   4.84893989284e+00  -3.74036833859e-01   4.56864898591e+00  -3.86670165740e-01   0.00000000000e+00   0.00000000000e+00   0.00000000000e+00   0.00000000000e+00   0.00000000000e+00   0.00000000000e+00   0.00000000000e+00   0.00000000000e+00   0.00000000000e+00   0.00000000000e+00 

Function evaluation 295 (0,0). Func 1 Grad 0 Sec 0
Function
 -8.28231993682e+02 
Parameter
  2.80028847220e+00  -1.91541824949e-01   3.37031464032e+00  -2.31963686215e-01   4.84898838224e+00  -3.74036833859e-01   4.56864898591e+00  -3.86670165740e-01   0.00000000000e+00   0.00000000000e+00   0.00000000000e+00   0.00000000000e+00   0.00000000000e+00   0.00000000000e+00   0.00000000000e+00   0.00000000000e+00   0.00000000000e+00   0.00000000000e+00 

Function evaluation 296 (0,0). Func 1 Grad 0 Sec 0
Function
 -8.28231994728e+02 
Parameter
  2.80028847220e+00  -1.91541824949e-01   3.37031464032e+00  -2.31963686215e-01   4.84893989284e+00  -3.74026833859e-01   4.56864898591e+00  -3.86670165740e-01   0.00000000000e+00   0.00000000000e+00   0.00000000000e+00   0.00000000000e+00   0.00000000000e+00   0.00000000000e+00   0.00000000000e+00   0.00000000000e+00   0.00000000000e+00   0.00000000000e+00 

Function evaluation 297 (0,0). Func 1 Grad 0 Sec 0
Function
 -8.28231993846e+02 
Parameter
  2.80028847220e+00  -1.91541824949e-01   3.37031464032e+00  -2.31963686215e-01   4.84893989284e+00  -3.74036833859e-01   4.56869467240e+00  -3.86670165740e-01   0.00000000000e+00   0.00000000000e+00   0.00000000000e+00   0.00000000000e+00   0.00000000000e+00   0.00000000000e+00   0.00000000000e+00   0.00000000000e+00   0.00000000000e+00   0.00000000000e+00 

Function evaluation 298 (0,0). Func 1 Grad 0 Sec 0
Function
 -8.28231994563e+02 
Parameter
  2.80028847220e+00  -1.91541824949e-01   3.37031464032e+00  -2.31963686215e-01   4.84893989284e+00  -3.74036833859e-01   4.56864898591e+00  -3.86660165740e-01   0.00000000000e+00   0.00000000000e+00   0.00000000000e+00   0.00000000000e+00   0.00000000000e+00   0.00000000000e+00   0.00000000000e+00   0.00000000000e+00   0.00000000000e+00   0.00000000000e+00 

Function evaluation 299 (0,0). Func 1 Grad 0 Sec 0
Function
 -8.28231993624e+02 
Parameter
  2.80031647508e+00  -1.91541824949e-01   3.37031464032e+00  -2.31963686215e-01   4.84893989284e+00  -3.74036833859e-01   4.56864898591e+00  -3.86670165740e-01   0.00000000000e+00   0.00000000000e+00   0.00000000000e+00   0.00000000000e+00   0.00000000000e+00   0.00000000000e+00   0.00000000000e+00   0.00000000000e+00   0.00000000000e+00   0.00000000000e+00 

Function evaluation 300 (0,0). Func 1 Grad 0 Sec 0
Function
 -8.28231994753e+02 
Parameter
  2.80028847220e+00  -1.91531824949e-01   3.37031464032e+00  -2.31963686215e-01   4.84893989284e+00  -3.74036833859e-01   4.56864898591e+00  -3.86670165740e-01   0.00000000000e+00   0.00000000000e+00   0.00000000000e+00   0.00000000000e+00   0.00000000000e+00   0.00000000000e+00   0.00000000000e+00   0.00000000000e+00   0.00000000000e+00   0.00000000000e+00 

Function evaluation 301 (0,0). Func 1 Grad 0 Sec 0
Function
 -8.28231992585e+02 
Parameter
  2.80028847220e+00  -1.91541824949e-01   3.37031464032e+00  -2.31973686215e-01   4.84903687164e+00  -3.74036833859e-01   4.56864898591e+00  -3.86670165740e-01   0.00000000000e+00   0.00000000000e+00   0.00000000000e+00   0.00000000000e+00   0.00000000000e+00   0.00000000000e+00   0.00000000000e+00   0.00000000000e+00   0.00000000000e+00   0.00000000000e+00 

Function evaluation 302 (0,0). Func 1 Grad 0 Sec 0
Function
 -8.28231995835e+02 
Parameter
  2.80028847220e+00  -1.91541824949e-01   3.37031464032e+00  -2.31973686215e-01   4.84898838224e+00  -3.74026833859e-01   4.56864898591e+00  -3.86670165740e-01   0.00000000000e+00   0.00000000000e+00   0.00000000000e+00   0.00000000000e+00   0.00000000000e+00   0.00000000000e+00   0.00000000000e+00   0.00000000000e+00   0.00000000000e+00   0.00000000000e+00 

Function evaluation 303 (0,0). Func 1 Grad 0 Sec 0
Function
 -8.28231991356e+02 
Parameter
  2.80028847220e+00  -1.91541824949e-01   3.37031464032e+00  -2.31973686215e-01   4.84898838224e+00  -3.74036833859e-01   4.56869467240e+00  -3.86670165740e-01   0.00000000000e+00   0.00000000000e+00   0.00000000000e+00   0.00000000000e+00   0.00000000000e+00   0.00000000000e+00   0.00000000000e+00   0.00000000000e+00   0.00000000000e+00   0.00000000000e+00 

Function evaluation 304 (0,0). Func 1 Grad 0 Sec 0
Function
 -8.28231992428e+02 
Parameter
  2.80028847220e+00  -1.91541824949e-01   3.37031464032e+00  -2.31973686215e-01   4.84898838224e+00  -3.74036833859e-01   4.56864898591e+00  -3.86660165740e-01   0.00000000000e+00   0.00000000000e+00   0.00000000000e+00   0.00000000000e+00   0.00000000000e+00   0.00000000000e+00   0.00000000000e+00   0.00000000000e+00   0.00000000000e+00   0.00000000000e+00 

Function evaluation 305 (0,0). Func 1 Grad 0 Sec 0
Function
 -8.28231991260e+02 
Parameter
  2.80031647508e+00  -1.91541824949e-01   3.37031464032e+00  -2.31973686215e-01   4.84898838224e+00  -3.74036833859e-01   4.56864898591e+00  -3.86670165740e-01   0.00000000000e+00   0.00000000000e+00   0.00000000000e+00   0.00000000000e+00   0.00000000000e+00   0.00000000000e+00   0.00000000000e+00   0.00000000000e+00   0.00000000000e+00   0.00000000000e+00 

Function evaluation 306 (0,0). Func 1 Grad 0 Sec 0
Function
 -8.28231993621e+02 
Parameter
  2.80028847220e+00  -1.91531824949e-01   3.37031464032e+00  -2.31973686215e-01   4.84898838224e+00  -3.74036833859e-01   4.56864898591e+00  -3.86670165740e-01   0.00000000000e+00   0.00000000000e+00   0.00000000000e+00   0.00000000000e+00   0.00000000000e+00   0.00000000000e+00   0.00000000000e+00   0.00000000000e+00   0.00000000000e+00   0.00000000000e+00 

Function evaluation 307 (0,0). Func 1 Grad 0 Sec 0
Function
 -8.28232000839e+02 
Parameter
  2.80028847220e+00  -1.91541824949e-01   3.37031464032e+00  -2.31973686215e-01   4.84893989284e+00  -3.74016833859e-01   4.56864898591e+00  -3.86670165740e-01   0.00000000000e+00   0.00000000000e+00   0.00000000000e+00   0.00000000000e+00   0.00000000000e+00   0.00000000000e+00   0.00000000000e+00   0.00000000000e+00   0.00000000000e+00   0.00000000000e+00 

Function evaluation 308 (0,0). Func 1 Grad 0 Sec 0
Function
 -8.28231993230e+02 
Parameter
  2.80028847220e+00  -1.91541824949e-01   3.37031464032e+00  -2.31973686215e-01   4.84893989284e+00  -3.74026833859e-01   4.56869467240e+00  -3.86670165740e-01   0.00000000000e+00   0.00000000000e+00   0.00000000000e+00   0.00000000000e+00   0.00000000000e+00   0.00000000000e+00   0.00000000000e+00   0.00000000000e+00   0.00000000000e+00   0.00000000000e+00 

Function evaluation 309 (0,0). Func 1 Grad 0 Sec 0
Function
 -8.28231994039e+02 
Parameter
  2.80028847220e+00  -1.91541824949e-01   3.37031464032e+00  -2.31973686215e-01   4.84893989284e+00  -3.74026833859e-01   4.56864898591e+00  -3.86660165740e-01   0.00000000000e+00   0.00000000000e+00   0.00000000000e+00   0.00000000000e+00   0.00000000000e+00   0.00000000000e+00   0.00000000000e+00   0.00000000000e+00   0.00000000000e+00   0.00000000000e+00 

Function evaluation 310 (0,0). Func 1 Grad 0 Sec 0
Function
 -8.28231993100e+02 
Parameter
  2.80031647508e+00  -1.91541824949e-01   3.37031464032e+00  -2.31973686215e-01   4.84893989284e+00  -3.74026833859e-01   4.56864898591e+00  -3.86670165740e-01   0.00000000000e+00   0.00000000000e+00   0.00000000000e+00   0.00000000000e+00   0.00000000000e+00   0.00000000000e+00   0.00000000000e+00   0.00000000000e+00   0.00000000000e+00   0.00000000000e+00 

Function evaluation 311 (0,0). Func 1 Grad 0 Sec 0
Function
 -8.28231994747e+02 
Parameter
  2.80028847220e+00  -1.91531824949e-01   3.37031464032e+00  -2.31973686215e-01   4.84893989284e+00  -3.74026833859e-01   4.56864898591e+00  -3.86670165740e-01   0.00000000000e+00   0.00000000000e+00   0.00000000000e+00   0.00000000000e+00   0.00000000000e+00   0.00000000000e+00   0.00000000000e+00   0.00000000000e+00   0.00000000000e+00   0.00000000000e+00 

Function evaluation 312 (0,0). Func 1 Grad 0 Sec 0
Function
 -8.28231991839e+02 
Parameter
  2.80028847220e+00  -1.91541824949e-01   3.37031464032e+00  -2.31973686215e-01   4.84893989284e+00  -3.74036833859e-01   4.56874035889e+00  -3.86670165740e-01   0.00000000000e+00   0.00000000000e+00   0.00000000000e+00   0.00000000000e+00   0.00000000000e+00   0.00000000000e+00   0.00000000000e+00   0.00000000000e+00   0.00000000000e+00   0.00000000000e+00 

Function evaluation 313 (0,0). Func 1 Grad 0 Sec 0
Function
 -8.28231993835e+02 
Parameter
  2.80028847220e+00  -1.91541824949e-01   3.37031464032e+00  -2.31973686215e-01   4.84893989284e+00  -3.74036833859e-01   4.56869467240e+00  -3.86660165740e-01   0.00000000000e+00   0.00000000000e+00   0.00000000000e+00   0.00000000000e+00   0.00000000000e+00   0.00000000000e+00   0.00000000000e+00   0.00000000000e+00   0.00000000000e+00   0.00000000000e+00 

Function evaluation 314 (0,0). Func 1 Grad 0 Sec 0
Function
 -8.28231991151e+02 
Parameter
  2.80031647508e+00  -1.91541824949e-01   3.37031464032e+00  -2.31973686215e-01   4.84893989284e+00  -3.74036833859e-01   4.56869467240e+00  -3.86670165740e-01   0.00000000000e+00   0.00000000000e+00   0.00000000000e+00   0.00000000000e+00   0.00000000000e+00   0.00000000000e+00   0.00000000000e+00   0.00000000000e+00   0.00000000000e+00   0.00000000000e+00 

Function evaluation 315 (0,0). Func 1 Grad 0 Sec 0
Function
 -8.28231993752e+02 
Parameter
  2.80028847220e+00  -1.91531824949e-01   3.37031464032e+00  -2.31973686215e-01   4.84893989284e+00  -3.74036833859e-01   4.56869467240e+00  -3.86670165740e-01   0.00000000000e+00   0.00000000000e+00   0.00000000000e+00   0.00000000000e+00   0.00000000000e+00   0.00000000000e+00   0.00000000000e+00   0.00000000000e+00   0.00000000000e+00   0.00000000000e+00 

Function evaluation 316 (0,0). Func 1 Grad 0 Sec 0
Function
 -8.28231996946e+02 
Parameter
  2.80028847220e+00  -1.91541824949e-01   3.37031464032e+00  -2.31973686215e-01   4.84893989284e+00  -3.74036833859e-01   4.56864898591e+00  -3.86650165740e-01   0.00000000000e+00   0.00000000000e+00   0.00000000000e+00   0.00000000000e+00   0.00000000000e+00   0.00000000000e+00   0.00000000000e+00   0.00000000000e+00   0.00000000000e+00   0.00000000000e+00 

Function evaluation 317 (0,0). Func 1 Grad 0 Sec 0
Function
 -8.28231992306e+02 
Parameter
  2.80031647508e+00  -1.91541824949e-01   3.37031464032e+00  -2.31973686215e-01   4.84893989284e+00  -3.74036833859e-01   4.56864898591e+00  -3.86660165740e-01   0.00000000000e+00   0.00000000000e+00   0.00000000000e+00   0.00000000000e+00   0.00000000000e+00   0.00000000000e+00   0.00000000000e+00   0.00000000000e+00   0.00000000000e+00   0.00000000000e+00 

Function evaluation 318 (0,0). Func 1 Grad 0 Sec 0
Function
 -8.28231994515e+02 
Parameter
  2.80028847220e+00  -1.91531824949e-01   3.37031464032e+00  -2.31973686215e-01   4.84893989284e+00  -3.74036833859e-01   4.56864898591e+00  -3.86660165740e-01   0.00000000000e+00   0.00000000000e+00   0.00000000000e+00   0.00000000000e+00   0.00000000000e+00   0.00000000000e+00   0.00000000000e+00   0.00000000000e+00   0.00000000000e+00   0.00000000000e+00 

Function evaluation 319 (0,0). Func 1 Grad 0 Sec 0
Function
 -8.28231991465e+02 
Parameter
  2.80034447797e+00  -1.91541824949e-01   3.37031464032e+00  -2.31973686215e-01   4.84893989284e+00  -3.74036833859e-01   4.56864898591e+00  -3.86670165740e-01   0.00000000000e+00   0.00000000000e+00   0.00000000000e+00   0.00000000000e+00   0.00000000000e+00   0.00000000000e+00   0.00000000000e+00   0.00000000000e+00   0.00000000000e+00   0.00000000000e+00 

Function evaluation 320 (0,0). Func 1 Grad 0 Sec 0
Function
 -8.28231995381e+02 
Parameter
  2.80031647508e+00  -1.91531824949e-01   3.37031464032e+00  -2.31973686215e-01   4.84893989284e+00  -3.74036833859e-01   4.56864898591e+00  -3.86670165740e-01   0.00000000000e+00   0.00000000000e+00   0.00000000000e+00   0.00000000000e+00   0.00000000000e+00   0.00000000000e+00   0.00000000000e+00   0.00000000000e+00   0.00000000000e+00   0.00000000000e+00 

Function evaluation 321 (0,0). Func 1 Grad 0 Sec 0
Function
 -8.28232002924e+02 
Parameter
  2.80028847220e+00  -1.91521824949e-01   3.37031464032e+00  -2.31973686215e-01   4.84893989284e+00  -3.74036833859e-01   4.56864898591e+00  -3.86670165740e-01   0.00000000000e+00   0.00000000000e+00   0.00000000000e+00   0.00000000000e+00   0.00000000000e+00   0.00000000000e+00   0.00000000000e+00   0.00000000000e+00   0.00000000000e+00   0.00000000000e+00 
Hessian
  4.42030611097e+02  -5.67435979495e+03   1.12880131745e+04  -9.53068715962e+03   1.38282089513e+04  -5.77552369722e+03   1.33689570549e+04   1.46445947983e+01 
  5.22784373734e+03   6.35649985270e+04  -1.29113602055e+04  -1.59947812052e+04  -1.43692015867e+04  -8.04055708819e+03  -1.27251553829e+04   2.99860641183e+01 
 -1.32752520425e+02  -1.49612982758e+03   3.77456141235e+02  -4.12808526884e+03   1.47663053419e+04  -5.94484806765e+03   1.42554421545e+04   1.49101160331e+01 
 -1.49614406079e+03  -1.73755051947e+04   4.29063031283e+03   5.02649197642e+04  -1.07442711029e+04  -7.01174296872e+03  -9.46278917212e+03   2.40458324949e+01 
 -7.53240843637e+01  -8.28360956848e+02  -7.15828550823e+01  -7.49145825012e+02   2.43070413955e+02  -3.50205827933e+03   1.73241991763e+04   1.25467014846e+01 
 -8.28386306796e+02  -9.39384676713e+03  -7.49160297356e+02  -8.10174242361e+03   2.68514825873e+03   3.05965613734e+04  -5.89118942314e+03  -3.61587719006e+01 
 -1.49447996555e+02  -1.80420856973e+03  -1.17130151283e+02  -1.34328841138e+03  -6.61582979971e+01  -7.40194772628e+02   4.13953897241e+02   1.40336373153e+01 
 -1.80421506169e+03  -2.22967980790e+04  -1.34327880473e+03  -1.58321961408e+04  -7.40172609121e+02  -8.51694835546e+03   4.95112337179e+03   6.07585639045e+04 

Convergence reached with criterion 6.

Covariance matrix calculation with ccov=2

Parameter vector
  2.80028847220e+00  -1.91541824949e-01   3.37031464032e+00  -2.31973686215e-01   4.84893989284e+00  -3.74036833859e-01   4.56864898591e+00  -3.86670165740e-01   0.00000000000e+00   0.00000000000e+00   0.00000000000e+00   0.00000000000e+00   0.00000000000e+00   0.00000000000e+00   0.00000000000e+00   0.00000000000e+00   0.00000000000e+00   0.00000000000e+00 
Covariance matrix
  3.05610897999e-01 
 -2.35972974446e-02   1.85458995950e-03 
  2.33362795981e-01  -1.77314045624e-02   2.97508660994e-01 
 -1.77372264850e-02   1.36658644180e-03  -2.29990830428e-02   1.81015696585e-03 
  2.38074671755e-01  -1.81029111118e-02   2.41624471544e-01  -1.83922349463e-02   3.14596354800e-01 
 -1.81526903836e-02   1.39932592181e-03  -1.84429851065e-02   1.42301270355e-03  -2.47212746445e-02   1.98304589788e-03 
  2.39502350776e-01  -1.82166068203e-02   2.43263829471e-01  -1.85240668078e-02   2.52204336868e-01  -1.93177075910e-02   3.66486693854e-01 
 -1.82988951174e-02   1.41085094654e-03  -1.86127320406e-02   1.43651343393e-03  -1.93611201688e-02   1.50304293996e-03  -2.94805695060e-02   2.43098026726e-03 
  0.00000000000e+00   0.00000000000e+00   0.00000000000e+00   0.00000000000e+00   0.00000000000e+00   0.00000000000e+00   0.00000000000e+00   0.00000000000e+00   0.00000000000e+00 
  0.00000000000e+00   0.00000000000e+00   0.00000000000e+00   0.00000000000e+00   0.00000000000e+00   0.00000000000e+00   0.00000000000e+00   0.00000000000e+00   0.00000000000e+00   0.00000000000e+00 
  0.00000000000e+00   0.00000000000e+00   0.00000000000e+00   0.00000000000e+00   0.00000000000e+00   0.00000000000e+00   0.00000000000e+00   0.00000000000e+00   0.00000000000e+00   0.00000000000e+00   0.00000000000e+00 
  0.00000000000e+00   0.00000000000e+00   0.00000000000e+00   0.00000000000e+00   0.00000000000e+00   0.00000000000e+00   0.00000000000e+00   0.00000000000e+00   0.00000000000e+00   0.00000000000e+00   0.00000000000e+00   0.00000000000e+00 
  0.00000000000e+00   0.00000000000e+00   0.00000000000e+00   0.00000000000e+00   0.00000000000e+00   0.00000000000e+00   0.00000000000e+00   0.00000000000e+00   0.00000000000e+00   0.00000000000e+00   0.00000000000e+00   0.00000000000e+00   0.00000000000e+00 
  0.00000000000e+00   0.00000000000e+00   0.00000000000e+00   0.00000000000e+00   0.00000000000e+00   0.00000000000e+00   0.00000000000e+00   0.00000000000e+00   0.00000000000e+00   0.00000000000e+00   0.00000000000e+00   0.00000000000e+00   0.00000000000e+00   0.00000000000e+00 
  0.00000000000e+00   0.00000000000e+00   0.00000000000e+00   0.00000000000e+00   0.00000000000e+00   0.00000000000e+00   0.00000000000e+00   0.00000000000e+00   0.00000000000e+00   0.00000000000e+00   0.00000000000e+00   0.00000000000e+00   0.00000000000e+00   0.00000000000e+00   0.00000000000e+00 
  0.00000000000e+00   0.00000000000e+00   0.00000000000e+00   0.00000000000e+00   0.00000000000e+00   0.00000000000e+00   0.00000000000e+00   0.00000000000e+00   0.00000000000e+00   0.00000000000e+00   0.00000000000e+00   0.00000000000e+00   0.00000000000e+00   0.00000000000e+00   0.00000000000e+00   0.00000000000e+00 
  0.00000000000e+00   0.00000000000e+00   0.00000000000e+00   0.00000000000e+00   0.00000000000e+00   0.00000000000e+00   0.00000000000e+00   0.00000000000e+00   0.00000000000e+00   0.00000000000e+00   0.00000000000e+00   0.00000000000e+00   0.00000000000e+00   0.00000000000e+00   0.00000000000e+00   0.00000000000e+00   0.00000000000e+00 
  0.00000000000e+00   0.00000000000e+00   0.00000000000e+00   0.00000000000e+00   0.00000000000e+00   0.00000000000e+00   0.00000000000e+00   0.00000000000e+00   0.00000000000e+00   0.00000000000e+00   0.00000000000e+00   0.00000000000e+00   0.00000000000e+00   0.00000000000e+00   0.00000000000e+00   0.00000000000e+00   0.00000000000e+00   0.00000000000e+00 

End of algorithm.

